"","X","img","label","train"
"1",0,"img_0001",1,0
"2",1,"img_0002",1,1
"3",2,"img_0003",1,0
"4",3,"img_0004",1,1
"5",4,"img_0005",1,0
"6",5,"img_0006",1,0
"7",6,"img_0007",1,0
"8",7,"img_0008",1,0
"9",8,"img_0009",1,1
"10",9,"img_0010",1,0
"11",10,"img_0011",1,1
"12",11,"img_0012",1,1
"13",12,"img_0013",1,1
"14",13,"img_0014",1,1
"15",14,"img_0015",1,1
"16",15,"img_0016",1,1
"17",16,"img_0017",1,1
"18",17,"img_0018",1,0
"19",18,"img_0019",1,1
"20",19,"img_0020",1,0
"21",20,"img_0021",1,0
"22",21,"img_0022",1,1
"23",22,"img_0023",1,1
"24",23,"img_0024",1,0
"25",24,"img_0025",1,1
"26",25,"img_0026",1,0
"27",26,"img_0027",1,1
"28",27,"img_0028",1,1
"29",28,"img_0029",1,1
"30",29,"img_0030",1,1
"31",30,"img_0031",1,1
"32",31,"img_0032",1,0
"33",32,"img_0033",1,1
"34",33,"img_0034",1,1
"35",34,"img_0035",1,1
"36",35,"img_0036",1,0
"37",36,"img_0037",1,1
"38",37,"img_0038",1,1
"39",38,"img_0039",1,1
"40",39,"img_0040",1,1
"41",40,"img_0041",1,0
"42",41,"img_0042",1,0
"43",42,"img_0043",1,1
"44",43,"img_0044",1,1
"45",44,"img_0045",1,0
"46",45,"img_0046",1,1
"47",46,"img_0047",1,1
"48",47,"img_0048",1,1
"49",48,"img_0049",1,1
"50",49,"img_0050",1,0
"51",50,"img_0051",1,1
"52",51,"img_0052",1,1
"53",52,"img_0053",1,1
"54",53,"img_0054",1,1
"55",54,"img_0055",1,1
"56",55,"img_0056",1,1
"57",56,"img_0057",1,0
"58",57,"img_0058",1,1
"59",58,"img_0059",1,0
"60",59,"img_0060",1,0
"61",60,"img_0061",1,1
"62",61,"img_0062",1,1
"63",62,"img_0063",1,1
"64",63,"img_0064",1,1
"65",64,"img_0065",1,1
"66",65,"img_0066",1,0
"67",66,"img_0067",1,0
"68",67,"img_0068",1,0
"69",68,"img_0069",1,1
"70",69,"img_0070",1,0
"71",70,"img_0071",1,1
"72",71,"img_0072",1,1
"73",72,"img_0073",1,1
"74",73,"img_0074",1,0
"75",74,"img_0075",1,0
"76",75,"img_0076",1,1
"77",76,"img_0077",1,0
"78",77,"img_0078",1,1
"79",78,"img_0079",1,1
"80",79,"img_0080",1,0
"81",80,"img_0081",1,1
"82",81,"img_0082",1,0
"83",82,"img_0083",1,0
"84",83,"img_0084",1,1
"85",84,"img_0085",1,0
"86",85,"img_0086",1,0
"87",86,"img_0087",1,0
"88",87,"img_0088",1,1
"89",88,"img_0089",1,1
"90",89,"img_0090",1,0
"91",90,"img_0091",1,0
"92",91,"img_0092",1,1
"93",92,"img_0093",1,1
"94",93,"img_0094",1,0
"95",94,"img_0095",1,1
"96",95,"img_0096",1,1
"97",96,"img_0097",1,1
"98",97,"img_0098",1,1
"99",98,"img_0099",1,1
"100",99,"img_0100",1,1
"101",100,"img_0101",1,1
"102",101,"img_0102",1,0
"103",102,"img_0103",1,0
"104",103,"img_0104",1,1
"105",104,"img_0105",1,1
"106",105,"img_0106",1,1
"107",106,"img_0107",1,1
"108",107,"img_0108",1,1
"109",108,"img_0109",1,1
"110",109,"img_0110",1,1
"111",110,"img_0111",1,1
"112",111,"img_0112",1,0
"113",112,"img_0113",1,0
"114",113,"img_0114",1,0
"115",114,"img_0115",1,0
"116",115,"img_0116",1,1
"117",116,"img_0117",1,1
"118",117,"img_0118",1,1
"119",118,"img_0119",1,1
"120",119,"img_0120",1,1
"121",120,"img_0121",1,1
"122",121,"img_0122",1,0
"123",122,"img_0123",1,1
"124",123,"img_0124",1,0
"125",124,"img_0125",1,0
"126",125,"img_0126",1,0
"127",126,"img_0127",1,1
"128",127,"img_0128",1,1
"129",128,"img_0129",1,1
"130",129,"img_0130",1,1
"131",130,"img_0131",1,1
"132",131,"img_0132",1,1
"133",132,"img_0133",1,1
"134",133,"img_0134",1,1
"135",134,"img_0135",1,1
"136",135,"img_0136",1,1
"137",136,"img_0137",1,0
"138",137,"img_0138",1,1
"139",138,"img_0139",1,1
"140",139,"img_0140",1,0
"141",140,"img_0141",1,1
"142",141,"img_0142",1,1
"143",142,"img_0143",1,1
"144",143,"img_0144",1,0
"145",144,"img_0145",1,1
"146",145,"img_0146",1,1
"147",146,"img_0147",1,1
"148",147,"img_0148",1,1
"149",148,"img_0149",1,1
"150",149,"img_0150",1,1
"151",150,"img_0151",1,0
"152",151,"img_0152",1,0
"153",152,"img_0153",1,0
"154",153,"img_0154",1,0
"155",154,"img_0155",1,0
"156",155,"img_0156",1,1
"157",156,"img_0157",1,0
"158",157,"img_0158",1,1
"159",158,"img_0159",1,1
"160",159,"img_0160",1,0
"161",160,"img_0161",1,1
"162",161,"img_0162",1,0
"163",162,"img_0163",1,0
"164",163,"img_0164",1,1
"165",164,"img_0165",1,1
"166",165,"img_0166",1,0
"167",166,"img_0167",1,1
"168",167,"img_0168",1,0
"169",168,"img_0169",1,1
"170",169,"img_0170",1,1
"171",170,"img_0171",1,1
"172",171,"img_0172",1,0
"173",172,"img_0173",1,1
"174",173,"img_0174",1,1
"175",174,"img_0175",1,1
"176",175,"img_0176",1,1
"177",176,"img_0177",1,0
"178",177,"img_0178",1,1
"179",178,"img_0179",1,0
"180",179,"img_0180",1,1
"181",180,"img_0181",1,0
"182",181,"img_0182",1,1
"183",182,"img_0183",1,0
"184",183,"img_0184",1,0
"185",184,"img_0185",1,1
"186",185,"img_0186",1,1
"187",186,"img_0187",1,1
"188",187,"img_0188",1,1
"189",188,"img_0189",1,0
"190",189,"img_0190",1,0
"191",190,"img_0191",1,0
"192",191,"img_0192",1,0
"193",192,"img_0193",1,1
"194",193,"img_0194",1,0
"195",194,"img_0195",1,1
"196",195,"img_0196",1,0
"197",196,"img_0197",1,0
"198",197,"img_0198",1,0
"199",198,"img_0199",1,1
"200",199,"img_0200",1,1
"201",200,"img_0201",1,1
"202",201,"img_0202",1,0
"203",202,"img_0203",1,1
"204",203,"img_0204",1,1
"205",204,"img_0205",1,1
"206",205,"img_0206",1,1
"207",206,"img_0207",1,1
"208",207,"img_0208",1,1
"209",208,"img_0209",1,1
"210",209,"img_0210",1,0
"211",210,"img_0211",1,1
"212",211,"img_0212",1,0
"213",212,"img_0213",1,0
"214",213,"img_0214",1,1
"215",214,"img_0215",1,1
"216",215,"img_0216",1,0
"217",216,"img_0217",1,0
"218",217,"img_0218",1,1
"219",218,"img_0219",1,0
"220",219,"img_0220",1,1
"221",220,"img_0221",1,0
"222",221,"img_0222",1,1
"223",222,"img_0223",1,1
"224",223,"img_0224",1,1
"225",224,"img_0225",1,1
"226",225,"img_0226",1,1
"227",226,"img_0227",1,1
"228",227,"img_0228",1,1
"229",228,"img_0229",1,1
"230",229,"img_0230",1,1
"231",230,"img_0231",1,1
"232",231,"img_0232",1,1
"233",232,"img_0233",1,1
"234",233,"img_0234",1,1
"235",234,"img_0235",1,1
"236",235,"img_0236",1,1
"237",236,"img_0237",1,1
"238",237,"img_0238",1,1
"239",238,"img_0239",1,0
"240",239,"img_0240",1,0
"241",240,"img_0241",1,1
"242",241,"img_0242",1,0
"243",242,"img_0243",1,1
"244",243,"img_0244",1,0
"245",244,"img_0245",1,1
"246",245,"img_0246",1,1
"247",246,"img_0247",1,1
"248",247,"img_0248",1,0
"249",248,"img_0249",1,1
"250",249,"img_0250",1,1
"251",250,"img_0251",1,1
"252",251,"img_0252",1,1
"253",252,"img_0253",1,1
"254",253,"img_0254",1,1
"255",254,"img_0255",1,1
"256",255,"img_0256",1,1
"257",256,"img_0257",1,1
"258",257,"img_0258",1,0
"259",258,"img_0259",1,1
"260",259,"img_0260",1,1
"261",260,"img_0261",1,1
"262",261,"img_0262",1,1
"263",262,"img_0263",1,1
"264",263,"img_0264",1,1
"265",264,"img_0265",1,1
"266",265,"img_0266",1,1
"267",266,"img_0267",1,1
"268",267,"img_0268",1,1
"269",268,"img_0269",1,1
"270",269,"img_0270",1,1
"271",270,"img_0271",1,1
"272",271,"img_0272",1,1
"273",272,"img_0273",1,1
"274",273,"img_0274",1,0
"275",274,"img_0275",1,0
"276",275,"img_0276",1,1
"277",276,"img_0277",1,1
"278",277,"img_0278",1,1
"279",278,"img_0279",1,0
"280",279,"img_0280",1,0
"281",280,"img_0281",1,1
"282",281,"img_0282",1,1
"283",282,"img_0283",1,1
"284",283,"img_0284",1,0
"285",284,"img_0285",1,1
"286",285,"img_0286",1,1
"287",286,"img_0287",1,1
"288",287,"img_0288",1,1
"289",288,"img_0289",1,1
"290",289,"img_0290",1,1
"291",290,"img_0291",1,1
"292",291,"img_0292",1,1
"293",292,"img_0293",1,0
"294",293,"img_0294",1,1
"295",294,"img_0295",1,1
"296",295,"img_0296",1,1
"297",296,"img_0297",1,1
"298",297,"img_0298",1,1
"299",298,"img_0299",1,1
"300",299,"img_0300",1,1
"301",300,"img_0301",1,0
"302",301,"img_0302",1,1
"303",302,"img_0303",1,1
"304",303,"img_0304",1,1
"305",304,"img_0305",1,1
"306",305,"img_0306",1,1
"307",306,"img_0307",1,1
"308",307,"img_0308",1,1
"309",308,"img_0309",1,1
"310",309,"img_0310",1,0
"311",310,"img_0311",1,0
"312",311,"img_0312",1,1
"313",312,"img_0313",1,1
"314",313,"img_0314",1,1
"315",314,"img_0315",1,1
"316",315,"img_0316",1,0
"317",316,"img_0317",1,1
"318",317,"img_0318",1,0
"319",318,"img_0319",1,0
"320",319,"img_0320",1,1
"321",320,"img_0321",1,0
"322",321,"img_0322",1,1
"323",322,"img_0323",1,1
"324",323,"img_0324",1,1
"325",324,"img_0325",1,1
"326",325,"img_0326",1,1
"327",326,"img_0327",1,0
"328",327,"img_0328",1,1
"329",328,"img_0329",1,0
"330",329,"img_0330",1,0
"331",330,"img_0331",1,1
"332",331,"img_0332",1,0
"333",332,"img_0333",1,1
"334",333,"img_0334",1,1
"335",334,"img_0335",1,1
"336",335,"img_0336",1,1
"337",336,"img_0337",1,0
"338",337,"img_0338",1,1
"339",338,"img_0339",1,0
"340",339,"img_0340",1,1
"341",340,"img_0341",1,0
"342",341,"img_0342",1,1
"343",342,"img_0343",1,1
"344",343,"img_0344",1,1
"345",344,"img_0345",1,0
"346",345,"img_0346",1,1
"347",346,"img_0347",1,0
"348",347,"img_0348",1,0
"349",348,"img_0349",1,1
"350",349,"img_0350",1,1
"351",350,"img_0351",1,1
"352",351,"img_0352",1,1
"353",352,"img_0353",1,1
"354",353,"img_0354",1,1
"355",354,"img_0355",1,1
"356",355,"img_0356",1,1
"357",356,"img_0357",1,1
"358",357,"img_0358",1,1
"359",358,"img_0359",1,1
"360",359,"img_0360",1,0
"361",360,"img_0361",1,1
"362",361,"img_0362",1,1
"363",362,"img_0363",1,0
"364",363,"img_0364",1,0
"365",364,"img_0365",1,1
"366",365,"img_0366",1,1
"367",366,"img_0367",1,1
"368",367,"img_0368",1,1
"369",368,"img_0369",1,0
"370",369,"img_0370",1,0
"371",370,"img_0371",1,1
"372",371,"img_0372",1,0
"373",372,"img_0373",1,1
"374",373,"img_0374",1,1
"375",374,"img_0375",1,1
"376",375,"img_0376",1,1
"377",376,"img_0377",1,1
"378",377,"img_0378",1,1
"379",378,"img_0379",1,0
"380",379,"img_0380",1,1
"381",380,"img_0381",1,1
"382",381,"img_0382",1,1
"383",382,"img_0383",1,0
"384",383,"img_0384",1,1
"385",384,"img_0385",1,1
"386",385,"img_0386",1,1
"387",386,"img_0387",1,0
"388",387,"img_0388",1,0
"389",388,"img_0389",1,0
"390",389,"img_0390",1,1
"391",390,"img_0391",1,1
"392",391,"img_0392",1,1
"393",392,"img_0393",1,1
"394",393,"img_0394",1,0
"395",394,"img_0395",1,1
"396",395,"img_0396",1,1
"397",396,"img_0397",1,1
"398",397,"img_0398",1,0
"399",398,"img_0399",1,1
"400",399,"img_0400",1,1
"401",400,"img_0401",1,1
"402",401,"img_0402",1,0
"403",402,"img_0403",1,0
"404",403,"img_0404",1,1
"405",404,"img_0405",1,0
"406",405,"img_0406",1,1
"407",406,"img_0407",1,0
"408",407,"img_0408",1,1
"409",408,"img_0409",1,1
"410",409,"img_0410",1,1
"411",410,"img_0411",1,1
"412",411,"img_0412",1,1
"413",412,"img_0413",1,0
"414",413,"img_0414",1,1
"415",414,"img_0415",1,0
"416",415,"img_0416",1,0
"417",416,"img_0417",1,1
"418",417,"img_0418",1,0
"419",418,"img_0419",1,1
"420",419,"img_0420",1,1
"421",420,"img_0421",1,1
"422",421,"img_0422",1,1
"423",422,"img_0423",1,1
"424",423,"img_0424",1,1
"425",424,"img_0425",1,0
"426",425,"img_0426",1,1
"427",426,"img_0427",1,1
"428",427,"img_0428",1,1
"429",428,"img_0429",1,0
"430",429,"img_0430",1,0
"431",430,"img_0431",1,1
"432",431,"img_0432",1,1
"433",432,"img_0433",1,1
"434",433,"img_0434",1,1
"435",434,"img_0435",1,1
"436",435,"img_0436",1,1
"437",436,"img_0437",1,1
"438",437,"img_0438",1,1
"439",438,"img_0439",1,0
"440",439,"img_0440",1,0
"441",440,"img_0441",1,1
"442",441,"img_0442",1,1
"443",442,"img_0443",1,1
"444",443,"img_0444",1,1
"445",444,"img_0445",1,1
"446",445,"img_0446",1,0
"447",446,"img_0447",1,0
"448",447,"img_0448",1,1
"449",448,"img_0449",1,1
"450",449,"img_0450",1,1
"451",450,"img_0451",1,0
"452",451,"img_0452",1,1
"453",452,"img_0453",1,1
"454",453,"img_0454",1,1
"455",454,"img_0455",1,1
"456",455,"img_0456",1,1
"457",456,"img_0457",1,1
"458",457,"img_0458",1,1
"459",458,"img_0459",1,1
"460",459,"img_0460",1,1
"461",460,"img_0461",1,0
"462",461,"img_0462",1,1
"463",462,"img_0463",1,1
"464",463,"img_0464",1,1
"465",464,"img_0465",1,0
"466",465,"img_0466",1,0
"467",466,"img_0467",1,1
"468",467,"img_0468",1,1
"469",468,"img_0469",1,1
"470",469,"img_0470",1,0
"471",470,"img_0471",1,0
"472",471,"img_0472",1,0
"473",472,"img_0473",1,0
"474",473,"img_0474",1,1
"475",474,"img_0475",1,0
"476",475,"img_0476",1,1
"477",476,"img_0477",1,1
"478",477,"img_0478",1,1
"479",478,"img_0479",1,1
"480",479,"img_0480",1,0
"481",480,"img_0481",1,0
"482",481,"img_0482",1,1
"483",482,"img_0483",1,1
"484",483,"img_0484",1,1
"485",484,"img_0485",1,1
"486",485,"img_0486",1,1
"487",486,"img_0487",1,0
"488",487,"img_0488",1,1
"489",488,"img_0489",1,1
"490",489,"img_0490",1,0
"491",490,"img_0491",1,1
"492",491,"img_0492",1,0
"493",492,"img_0493",1,0
"494",493,"img_0494",1,1
"495",494,"img_0495",1,1
"496",495,"img_0496",1,1
"497",496,"img_0497",1,0
"498",497,"img_0498",1,0
"499",498,"img_0499",1,1
"500",499,"img_0500",1,1
"501",500,"img_0501",1,1
"502",501,"img_0502",1,1
"503",502,"img_0503",1,1
"504",503,"img_0504",1,1
"505",504,"img_0505",1,1
"506",505,"img_0506",1,1
"507",506,"img_0507",1,1
"508",507,"img_0508",1,0
"509",508,"img_0509",1,1
"510",509,"img_0510",1,1
"511",510,"img_0511",1,1
"512",511,"img_0512",1,1
"513",512,"img_0513",1,0
"514",513,"img_0514",1,1
"515",514,"img_0515",1,0
"516",515,"img_0516",1,0
"517",516,"img_0517",1,1
"518",517,"img_0518",1,1
"519",518,"img_0519",1,0
"520",519,"img_0520",1,1
"521",520,"img_0521",1,0
"522",521,"img_0522",1,1
"523",522,"img_0523",1,1
"524",523,"img_0524",1,0
"525",524,"img_0525",1,1
"526",525,"img_0526",1,0
"527",526,"img_0527",1,1
"528",527,"img_0528",1,1
"529",528,"img_0529",1,1
"530",529,"img_0530",1,1
"531",530,"img_0531",1,1
"532",531,"img_0532",1,0
"533",532,"img_0533",1,1
"534",533,"img_0534",1,1
"535",534,"img_0535",1,1
"536",535,"img_0536",1,1
"537",536,"img_0537",1,0
"538",537,"img_0538",1,0
"539",538,"img_0539",1,1
"540",539,"img_0540",1,1
"541",540,"img_0541",1,1
"542",541,"img_0542",1,0
"543",542,"img_0543",1,1
"544",543,"img_0544",1,1
"545",544,"img_0545",1,1
"546",545,"img_0546",1,1
"547",546,"img_0547",1,1
"548",547,"img_0548",1,0
"549",548,"img_0549",1,1
"550",549,"img_0550",1,1
"551",550,"img_0551",1,0
"552",551,"img_0552",1,1
"553",552,"img_0553",1,1
"554",553,"img_0554",1,0
"555",554,"img_0555",1,1
"556",555,"img_0556",1,1
"557",556,"img_0557",1,1
"558",557,"img_0558",1,0
"559",558,"img_0559",1,1
"560",559,"img_0560",1,0
"561",560,"img_0561",1,0
"562",561,"img_0562",1,1
"563",562,"img_0563",1,1
"564",563,"img_0564",1,1
"565",564,"img_0565",1,1
"566",565,"img_0566",1,0
"567",566,"img_0567",1,1
"568",567,"img_0568",1,0
"569",568,"img_0569",1,0
"570",569,"img_0570",1,0
"571",570,"img_0571",1,1
"572",571,"img_0572",1,1
"573",572,"img_0573",1,1
"574",573,"img_0574",1,1
"575",574,"img_0575",1,0
"576",575,"img_0576",1,1
"577",576,"img_0577",1,1
"578",577,"img_0578",1,1
"579",578,"img_0579",1,0
"580",579,"img_0580",1,0
"581",580,"img_0581",1,1
"582",581,"img_0582",1,1
"583",582,"img_0583",1,1
"584",583,"img_0584",1,0
"585",584,"img_0585",1,0
"586",585,"img_0586",1,1
"587",586,"img_0587",1,0
"588",587,"img_0588",1,1
"589",588,"img_0589",1,1
"590",589,"img_0590",1,1
"591",590,"img_0591",1,1
"592",591,"img_0592",1,1
"593",592,"img_0593",1,0
"594",593,"img_0594",1,1
"595",594,"img_0595",1,1
"596",595,"img_0596",1,1
"597",596,"img_0597",1,1
"598",597,"img_0598",1,1
"599",598,"img_0599",1,1
"600",599,"img_0600",1,0
"601",600,"img_0601",1,0
"602",601,"img_0602",1,0
"603",602,"img_0603",1,1
"604",603,"img_0604",1,1
"605",604,"img_0605",1,1
"606",605,"img_0606",1,1
"607",606,"img_0607",1,1
"608",607,"img_0608",1,1
"609",608,"img_0609",1,0
"610",609,"img_0610",1,1
"611",610,"img_0611",1,1
"612",611,"img_0612",1,1
"613",612,"img_0613",1,1
"614",613,"img_0614",1,1
"615",614,"img_0615",1,1
"616",615,"img_0616",1,0
"617",616,"img_0617",1,1
"618",617,"img_0618",1,0
"619",618,"img_0619",1,0
"620",619,"img_0620",1,1
"621",620,"img_0621",1,1
"622",621,"img_0622",1,1
"623",622,"img_0623",1,1
"624",623,"img_0624",1,1
"625",624,"img_0625",1,1
"626",625,"img_0626",1,0
"627",626,"img_0627",1,1
"628",627,"img_0628",1,0
"629",628,"img_0629",1,1
"630",629,"img_0630",1,1
"631",630,"img_0631",1,0
"632",631,"img_0632",1,1
"633",632,"img_0633",1,0
"634",633,"img_0634",1,1
"635",634,"img_0635",1,1
"636",635,"img_0636",1,0
"637",636,"img_0637",1,1
"638",637,"img_0638",1,1
"639",638,"img_0639",1,1
"640",639,"img_0640",1,1
"641",640,"img_0641",1,0
"642",641,"img_0642",1,1
"643",642,"img_0643",1,1
"644",643,"img_0644",1,1
"645",644,"img_0645",1,1
"646",645,"img_0646",1,1
"647",646,"img_0647",1,1
"648",647,"img_0648",1,1
"649",648,"img_0649",1,1
"650",649,"img_0650",1,1
"651",650,"img_0651",1,1
"652",651,"img_0652",1,1
"653",652,"img_0653",1,1
"654",653,"img_0654",1,1
"655",654,"img_0655",1,0
"656",655,"img_0656",1,1
"657",656,"img_0657",1,0
"658",657,"img_0658",1,1
"659",658,"img_0659",1,0
"660",659,"img_0660",1,1
"661",660,"img_0661",1,1
"662",661,"img_0662",1,1
"663",662,"img_0663",1,0
"664",663,"img_0664",1,0
"665",664,"img_0665",1,0
"666",665,"img_0666",1,1
"667",666,"img_0667",1,0
"668",667,"img_0668",1,1
"669",668,"img_0669",1,1
"670",669,"img_0670",1,0
"671",670,"img_0671",1,1
"672",671,"img_0672",1,1
"673",672,"img_0673",1,1
"674",673,"img_0674",1,1
"675",674,"img_0675",1,0
"676",675,"img_0676",1,1
"677",676,"img_0677",1,1
"678",677,"img_0678",1,1
"679",678,"img_0679",1,1
"680",679,"img_0680",1,1
"681",680,"img_0681",1,1
"682",681,"img_0682",1,1
"683",682,"img_0683",1,0
"684",683,"img_0684",1,1
"685",684,"img_0685",1,1
"686",685,"img_0686",1,1
"687",686,"img_0687",1,0
"688",687,"img_0688",1,1
"689",688,"img_0689",1,1
"690",689,"img_0690",1,1
"691",690,"img_0691",1,0
"692",691,"img_0692",1,1
"693",692,"img_0693",1,0
"694",693,"img_0694",1,1
"695",694,"img_0695",1,1
"696",695,"img_0696",1,1
"697",696,"img_0697",1,1
"698",697,"img_0698",1,1
"699",698,"img_0699",1,1
"700",699,"img_0700",1,1
"701",700,"img_0701",1,0
"702",701,"img_0702",1,1
"703",702,"img_0703",1,0
"704",703,"img_0704",1,1
"705",704,"img_0705",1,1
"706",705,"img_0706",1,0
"707",706,"img_0707",1,1
"708",707,"img_0708",1,1
"709",708,"img_0709",1,1
"710",709,"img_0710",1,0
"711",710,"img_0711",1,1
"712",711,"img_0712",1,0
"713",712,"img_0713",1,1
"714",713,"img_0714",1,0
"715",714,"img_0715",1,1
"716",715,"img_0716",1,1
"717",716,"img_0717",1,0
"718",717,"img_0718",1,1
"719",718,"img_0719",1,0
"720",719,"img_0720",1,0
"721",720,"img_0721",1,1
"722",721,"img_0722",1,1
"723",722,"img_0723",1,1
"724",723,"img_0724",1,1
"725",724,"img_0725",1,1
"726",725,"img_0726",1,1
"727",726,"img_0727",1,1
"728",727,"img_0728",1,1
"729",728,"img_0729",1,1
"730",729,"img_0730",1,1
"731",730,"img_0731",1,0
"732",731,"img_0732",1,1
"733",732,"img_0733",1,0
"734",733,"img_0734",1,1
"735",734,"img_0735",1,1
"736",735,"img_0736",1,1
"737",736,"img_0737",1,1
"738",737,"img_0738",1,1
"739",738,"img_0739",1,0
"740",739,"img_0740",1,1
"741",740,"img_0741",1,1
"742",741,"img_0742",1,1
"743",742,"img_0743",1,0
"744",743,"img_0744",1,0
"745",744,"img_0745",1,0
"746",745,"img_0746",1,1
"747",746,"img_0747",1,1
"748",747,"img_0748",1,1
"749",748,"img_0749",1,1
"750",749,"img_0750",1,1
"751",750,"img_0751",1,1
"752",751,"img_0752",1,0
"753",752,"img_0753",1,0
"754",753,"img_0754",1,1
"755",754,"img_0755",1,1
"756",755,"img_0756",1,1
"757",756,"img_0757",1,0
"758",757,"img_0758",1,0
"759",758,"img_0759",1,1
"760",759,"img_0760",1,1
"761",760,"img_0761",1,1
"762",761,"img_0762",1,0
"763",762,"img_0763",1,1
"764",763,"img_0764",1,1
"765",764,"img_0765",1,0
"766",765,"img_0766",1,1
"767",766,"img_0767",1,1
"768",767,"img_0768",1,1
"769",768,"img_0769",1,1
"770",769,"img_0770",1,0
"771",770,"img_0771",1,0
"772",771,"img_0772",1,1
"773",772,"img_0773",1,1
"774",773,"img_0774",1,0
"775",774,"img_0775",1,1
"776",775,"img_0776",1,1
"777",776,"img_0777",1,1
"778",777,"img_0778",1,1
"779",778,"img_0779",1,1
"780",779,"img_0780",1,1
"781",780,"img_0781",1,1
"782",781,"img_0782",1,1
"783",782,"img_0783",1,1
"784",783,"img_0784",1,0
"785",784,"img_0785",1,1
"786",785,"img_0786",1,0
"787",786,"img_0787",1,1
"788",787,"img_0788",1,1
"789",788,"img_0789",1,1
"790",789,"img_0790",1,1
"791",790,"img_0791",1,1
"792",791,"img_0792",1,1
"793",792,"img_0793",1,1
"794",793,"img_0794",1,1
"795",794,"img_0795",1,1
"796",795,"img_0796",1,0
"797",796,"img_0797",1,1
"798",797,"img_0798",1,0
"799",798,"img_0799",1,1
"800",799,"img_0800",1,1
"801",800,"img_0801",1,1
"802",801,"img_0802",1,1
"803",802,"img_0803",1,1
"804",803,"img_0804",1,1
"805",804,"img_0805",1,1
"806",805,"img_0806",1,1
"807",806,"img_0807",1,0
"808",807,"img_0808",1,1
"809",808,"img_0809",1,1
"810",809,"img_0810",1,1
"811",810,"img_0811",1,1
"812",811,"img_0812",1,0
"813",812,"img_0813",1,1
"814",813,"img_0814",1,0
"815",814,"img_0815",1,0
"816",815,"img_0816",1,0
"817",816,"img_0817",1,1
"818",817,"img_0818",1,1
"819",818,"img_0819",1,0
"820",819,"img_0820",1,0
"821",820,"img_0821",1,0
"822",821,"img_0822",1,1
"823",822,"img_0823",1,1
"824",823,"img_0824",1,0
"825",824,"img_0825",1,1
"826",825,"img_0826",1,0
"827",826,"img_0827",1,1
"828",827,"img_0828",1,1
"829",828,"img_0829",1,0
"830",829,"img_0830",1,1
"831",830,"img_0831",1,1
"832",831,"img_0832",1,1
"833",832,"img_0833",1,1
"834",833,"img_0834",1,1
"835",834,"img_0835",1,0
"836",835,"img_0836",1,1
"837",836,"img_0837",1,1
"838",837,"img_0838",1,1
"839",838,"img_0839",1,0
"840",839,"img_0840",1,1
"841",840,"img_0841",1,0
"842",841,"img_0842",1,1
"843",842,"img_0843",1,1
"844",843,"img_0844",1,1
"845",844,"img_0845",1,0
"846",845,"img_0846",1,1
"847",846,"img_0847",1,1
"848",847,"img_0848",1,1
"849",848,"img_0849",1,1
"850",849,"img_0850",1,1
"851",850,"img_0851",1,1
"852",851,"img_0852",1,1
"853",852,"img_0853",1,1
"854",853,"img_0854",1,1
"855",854,"img_0855",1,1
"856",855,"img_0856",1,1
"857",856,"img_0857",1,1
"858",857,"img_0858",1,0
"859",858,"img_0859",1,1
"860",859,"img_0860",1,0
"861",860,"img_0861",1,0
"862",861,"img_0862",1,1
"863",862,"img_0863",1,1
"864",863,"img_0864",1,0
"865",864,"img_0865",1,1
"866",865,"img_0866",1,1
"867",866,"img_0867",1,1
"868",867,"img_0868",1,1
"869",868,"img_0869",1,1
"870",869,"img_0870",1,1
"871",870,"img_0871",1,1
"872",871,"img_0872",1,0
"873",872,"img_0873",1,1
"874",873,"img_0874",1,1
"875",874,"img_0875",1,0
"876",875,"img_0876",1,1
"877",876,"img_0877",1,0
"878",877,"img_0878",1,1
"879",878,"img_0879",1,1
"880",879,"img_0880",1,1
"881",880,"img_0881",1,1
"882",881,"img_0882",1,1
"883",882,"img_0883",1,1
"884",883,"img_0884",1,1
"885",884,"img_0885",1,1
"886",885,"img_0886",1,1
"887",886,"img_0887",1,1
"888",887,"img_0888",1,1
"889",888,"img_0889",1,0
"890",889,"img_0890",1,1
"891",890,"img_0891",1,1
"892",891,"img_0892",1,0
"893",892,"img_0893",1,1
"894",893,"img_0894",1,0
"895",894,"img_0895",1,1
"896",895,"img_0896",1,1
"897",896,"img_0897",1,1
"898",897,"img_0898",1,1
"899",898,"img_0899",1,0
"900",899,"img_0900",1,1
"901",900,"img_0901",1,1
"902",901,"img_0902",1,1
"903",902,"img_0903",1,1
"904",903,"img_0904",1,1
"905",904,"img_0905",1,1
"906",905,"img_0906",1,1
"907",906,"img_0907",1,1
"908",907,"img_0908",1,1
"909",908,"img_0909",1,1
"910",909,"img_0910",1,1
"911",910,"img_0911",1,1
"912",911,"img_0912",1,1
"913",912,"img_0913",1,1
"914",913,"img_0914",1,1
"915",914,"img_0915",1,1
"916",915,"img_0916",1,1
"917",916,"img_0917",1,1
"918",917,"img_0918",1,0
"919",918,"img_0919",1,1
"920",919,"img_0920",1,1
"921",920,"img_0921",1,1
"922",921,"img_0922",1,1
"923",922,"img_0923",1,1
"924",923,"img_0924",1,1
"925",924,"img_0925",1,0
"926",925,"img_0926",1,1
"927",926,"img_0927",1,1
"928",927,"img_0928",1,1
"929",928,"img_0929",1,1
"930",929,"img_0930",1,0
"931",930,"img_0931",1,1
"932",931,"img_0932",1,0
"933",932,"img_0933",1,0
"934",933,"img_0934",1,0
"935",934,"img_0935",1,1
"936",935,"img_0936",1,0
"937",936,"img_0937",1,0
"938",937,"img_0938",1,1
"939",938,"img_0939",1,1
"940",939,"img_0940",1,1
"941",940,"img_0941",1,1
"942",941,"img_0942",1,1
"943",942,"img_0943",1,1
"944",943,"img_0944",1,1
"945",944,"img_0945",1,1
"946",945,"img_0946",1,1
"947",946,"img_0947",1,1
"948",947,"img_0948",1,1
"949",948,"img_0949",1,0
"950",949,"img_0950",1,1
"951",950,"img_0951",1,1
"952",951,"img_0952",1,1
"953",952,"img_0953",1,1
"954",953,"img_0954",1,0
"955",954,"img_0955",1,1
"956",955,"img_0956",1,0
"957",956,"img_0957",1,1
"958",957,"img_0958",1,1
"959",958,"img_0959",1,1
"960",959,"img_0960",1,1
"961",960,"img_0961",1,0
"962",961,"img_0962",1,1
"963",962,"img_0963",1,1
"964",963,"img_0964",1,1
"965",964,"img_0965",1,1
"966",965,"img_0966",1,1
"967",966,"img_0967",1,1
"968",967,"img_0968",1,1
"969",968,"img_0969",1,1
"970",969,"img_0970",1,1
"971",970,"img_0971",1,1
"972",971,"img_0972",1,0
"973",972,"img_0973",1,1
"974",973,"img_0974",1,1
"975",974,"img_0975",1,0
"976",975,"img_0976",1,1
"977",976,"img_0977",1,1
"978",977,"img_0978",1,0
"979",978,"img_0979",1,1
"980",979,"img_0980",1,1
"981",980,"img_0981",1,0
"982",981,"img_0982",1,1
"983",982,"img_0983",1,1
"984",983,"img_0984",1,1
"985",984,"img_0985",1,1
"986",985,"img_0986",1,1
"987",986,"img_0987",1,0
"988",987,"img_0988",1,1
"989",988,"img_0989",1,1
"990",989,"img_0990",1,0
"991",990,"img_0991",1,1
"992",991,"img_0992",1,0
"993",992,"img_0993",1,1
"994",993,"img_0994",1,0
"995",994,"img_0995",1,1
"996",995,"img_0996",1,1
"997",996,"img_0997",1,0
"998",997,"img_0998",1,1
"999",998,"img_0999",1,1
"1000",999,"img_1000",1,1
"1001",1000,"img_1001",2,1
"1002",1001,"img_1002",2,1
"1003",1002,"img_1003",2,1
"1004",1003,"img_1004",2,0
"1005",1004,"img_1005",2,1
"1006",1005,"img_1006",2,1
"1007",1006,"img_1007",2,1
"1008",1007,"img_1008",2,0
"1009",1008,"img_1009",2,1
"1010",1009,"img_1010",2,0
"1011",1010,"img_1011",2,1
"1012",1011,"img_1012",2,1
"1013",1012,"img_1013",2,1
"1014",1013,"img_1014",2,1
"1015",1014,"img_1015",2,1
"1016",1015,"img_1016",2,1
"1017",1016,"img_1017",2,1
"1018",1017,"img_1018",2,1
"1019",1018,"img_1019",2,1
"1020",1019,"img_1020",2,1
"1021",1020,"img_1021",2,1
"1022",1021,"img_1022",2,1
"1023",1022,"img_1023",2,1
"1024",1023,"img_1024",2,0
"1025",1024,"img_1025",2,0
"1026",1025,"img_1026",2,1
"1027",1026,"img_1027",2,1
"1028",1027,"img_1028",2,0
"1029",1028,"img_1029",2,1
"1030",1029,"img_1030",2,0
"1031",1030,"img_1031",2,1
"1032",1031,"img_1032",2,1
"1033",1032,"img_1033",2,1
"1034",1033,"img_1034",2,0
"1035",1034,"img_1035",2,0
"1036",1035,"img_1036",2,1
"1037",1036,"img_1037",2,0
"1038",1037,"img_1038",2,1
"1039",1038,"img_1039",2,1
"1040",1039,"img_1040",2,1
"1041",1040,"img_1041",2,1
"1042",1041,"img_1042",2,0
"1043",1042,"img_1043",2,0
"1044",1043,"img_1044",2,1
"1045",1044,"img_1045",2,1
"1046",1045,"img_1046",2,0
"1047",1046,"img_1047",2,1
"1048",1047,"img_1048",2,0
"1049",1048,"img_1049",2,1
"1050",1049,"img_1050",2,1
"1051",1050,"img_1051",2,1
"1052",1051,"img_1052",2,1
"1053",1052,"img_1053",2,1
"1054",1053,"img_1054",2,0
"1055",1054,"img_1055",2,1
"1056",1055,"img_1056",2,0
"1057",1056,"img_1057",2,1
"1058",1057,"img_1058",2,1
"1059",1058,"img_1059",2,1
"1060",1059,"img_1060",2,0
"1061",1060,"img_1061",2,1
"1062",1061,"img_1062",2,1
"1063",1062,"img_1063",2,1
"1064",1063,"img_1064",2,1
"1065",1064,"img_1065",2,1
"1066",1065,"img_1066",2,1
"1067",1066,"img_1067",2,0
"1068",1067,"img_1068",2,1
"1069",1068,"img_1069",2,1
"1070",1069,"img_1070",2,0
"1071",1070,"img_1071",2,0
"1072",1071,"img_1072",2,1
"1073",1072,"img_1073",2,0
"1074",1073,"img_1074",2,0
"1075",1074,"img_1075",2,1
"1076",1075,"img_1076",2,1
"1077",1076,"img_1077",2,1
"1078",1077,"img_1078",2,1
"1079",1078,"img_1079",2,0
"1080",1079,"img_1080",2,0
"1081",1080,"img_1081",2,1
"1082",1081,"img_1082",2,0
"1083",1082,"img_1083",2,1
"1084",1083,"img_1084",2,1
"1085",1084,"img_1085",2,1
"1086",1085,"img_1086",2,1
"1087",1086,"img_1087",2,1
"1088",1087,"img_1088",2,0
"1089",1088,"img_1089",2,1
"1090",1089,"img_1090",2,1
"1091",1090,"img_1091",2,1
"1092",1091,"img_1092",2,1
"1093",1092,"img_1093",2,1
"1094",1093,"img_1094",2,0
"1095",1094,"img_1095",2,1
"1096",1095,"img_1096",2,0
"1097",1096,"img_1097",2,1
"1098",1097,"img_1098",2,1
"1099",1098,"img_1099",2,1
"1100",1099,"img_1100",2,1
"1101",1100,"img_1101",2,1
"1102",1101,"img_1102",2,0
"1103",1102,"img_1103",2,0
"1104",1103,"img_1104",2,1
"1105",1104,"img_1105",2,1
"1106",1105,"img_1106",2,0
"1107",1106,"img_1107",2,1
"1108",1107,"img_1108",2,1
"1109",1108,"img_1109",2,1
"1110",1109,"img_1110",2,1
"1111",1110,"img_1111",2,1
"1112",1111,"img_1112",2,0
"1113",1112,"img_1113",2,1
"1114",1113,"img_1114",2,0
"1115",1114,"img_1115",2,1
"1116",1115,"img_1116",2,1
"1117",1116,"img_1117",2,0
"1118",1117,"img_1118",2,1
"1119",1118,"img_1119",2,1
"1120",1119,"img_1120",2,0
"1121",1120,"img_1121",2,0
"1122",1121,"img_1122",2,1
"1123",1122,"img_1123",2,1
"1124",1123,"img_1124",2,1
"1125",1124,"img_1125",2,1
"1126",1125,"img_1126",2,0
"1127",1126,"img_1127",2,1
"1128",1127,"img_1128",2,1
"1129",1128,"img_1129",2,0
"1130",1129,"img_1130",2,1
"1131",1130,"img_1131",2,1
"1132",1131,"img_1132",2,1
"1133",1132,"img_1133",2,0
"1134",1133,"img_1134",2,1
"1135",1134,"img_1135",2,1
"1136",1135,"img_1136",2,0
"1137",1136,"img_1137",2,0
"1138",1137,"img_1138",2,1
"1139",1138,"img_1139",2,1
"1140",1139,"img_1140",2,0
"1141",1140,"img_1141",2,1
"1142",1141,"img_1142",2,0
"1143",1142,"img_1143",2,1
"1144",1143,"img_1144",2,1
"1145",1144,"img_1145",2,0
"1146",1145,"img_1146",2,1
"1147",1146,"img_1147",2,0
"1148",1147,"img_1148",2,0
"1149",1148,"img_1149",2,0
"1150",1149,"img_1150",2,0
"1151",1150,"img_1151",2,0
"1152",1151,"img_1152",2,1
"1153",1152,"img_1153",2,1
"1154",1153,"img_1154",2,1
"1155",1154,"img_1155",2,1
"1156",1155,"img_1156",2,1
"1157",1156,"img_1157",2,0
"1158",1157,"img_1158",2,0
"1159",1158,"img_1159",2,1
"1160",1159,"img_1160",2,0
"1161",1160,"img_1161",2,1
"1162",1161,"img_1162",2,1
"1163",1162,"img_1163",2,1
"1164",1163,"img_1164",2,1
"1165",1164,"img_1165",2,1
"1166",1165,"img_1166",2,0
"1167",1166,"img_1167",2,1
"1168",1167,"img_1168",2,1
"1169",1168,"img_1169",2,1
"1170",1169,"img_1170",2,0
"1171",1170,"img_1171",2,1
"1172",1171,"img_1172",2,1
"1173",1172,"img_1173",2,1
"1174",1173,"img_1174",2,1
"1175",1174,"img_1175",2,1
"1176",1175,"img_1176",2,1
"1177",1176,"img_1177",2,1
"1178",1177,"img_1178",2,1
"1179",1178,"img_1179",2,0
"1180",1179,"img_1180",2,0
"1181",1180,"img_1181",2,1
"1182",1181,"img_1182",2,0
"1183",1182,"img_1183",2,1
"1184",1183,"img_1184",2,0
"1185",1184,"img_1185",2,1
"1186",1185,"img_1186",2,1
"1187",1186,"img_1187",2,0
"1188",1187,"img_1188",2,1
"1189",1188,"img_1189",2,0
"1190",1189,"img_1190",2,0
"1191",1190,"img_1191",2,1
"1192",1191,"img_1192",2,1
"1193",1192,"img_1193",2,1
"1194",1193,"img_1194",2,1
"1195",1194,"img_1195",2,0
"1196",1195,"img_1196",2,1
"1197",1196,"img_1197",2,1
"1198",1197,"img_1198",2,0
"1199",1198,"img_1199",2,0
"1200",1199,"img_1200",2,1
"1201",1200,"img_1201",2,0
"1202",1201,"img_1202",2,0
"1203",1202,"img_1203",2,0
"1204",1203,"img_1204",2,1
"1205",1204,"img_1205",2,1
"1206",1205,"img_1206",2,1
"1207",1206,"img_1207",2,1
"1208",1207,"img_1208",2,0
"1209",1208,"img_1209",2,0
"1210",1209,"img_1210",2,0
"1211",1210,"img_1211",2,1
"1212",1211,"img_1212",2,1
"1213",1212,"img_1213",2,1
"1214",1213,"img_1214",2,1
"1215",1214,"img_1215",2,1
"1216",1215,"img_1216",2,0
"1217",1216,"img_1217",2,1
"1218",1217,"img_1218",2,1
"1219",1218,"img_1219",2,1
"1220",1219,"img_1220",2,1
"1221",1220,"img_1221",2,0
"1222",1221,"img_1222",2,1
"1223",1222,"img_1223",2,0
"1224",1223,"img_1224",2,1
"1225",1224,"img_1225",2,0
"1226",1225,"img_1226",2,1
"1227",1226,"img_1227",2,0
"1228",1227,"img_1228",2,1
"1229",1228,"img_1229",2,1
"1230",1229,"img_1230",2,1
"1231",1230,"img_1231",2,1
"1232",1231,"img_1232",2,1
"1233",1232,"img_1233",2,0
"1234",1233,"img_1234",2,1
"1235",1234,"img_1235",2,1
"1236",1235,"img_1236",2,1
"1237",1236,"img_1237",2,1
"1238",1237,"img_1238",2,1
"1239",1238,"img_1239",2,1
"1240",1239,"img_1240",2,1
"1241",1240,"img_1241",2,1
"1242",1241,"img_1242",2,1
"1243",1242,"img_1243",2,0
"1244",1243,"img_1244",2,1
"1245",1244,"img_1245",2,0
"1246",1245,"img_1246",2,0
"1247",1246,"img_1247",2,1
"1248",1247,"img_1248",2,1
"1249",1248,"img_1249",2,1
"1250",1249,"img_1250",2,1
"1251",1250,"img_1251",2,0
"1252",1251,"img_1252",2,0
"1253",1252,"img_1253",2,1
"1254",1253,"img_1254",2,1
"1255",1254,"img_1255",2,1
"1256",1255,"img_1256",2,0
"1257",1256,"img_1257",2,0
"1258",1257,"img_1258",2,0
"1259",1258,"img_1259",2,0
"1260",1259,"img_1260",2,0
"1261",1260,"img_1261",2,0
"1262",1261,"img_1262",2,0
"1263",1262,"img_1263",2,1
"1264",1263,"img_1264",2,0
"1265",1264,"img_1265",2,0
"1266",1265,"img_1266",2,1
"1267",1266,"img_1267",2,1
"1268",1267,"img_1268",2,1
"1269",1268,"img_1269",2,1
"1270",1269,"img_1270",2,1
"1271",1270,"img_1271",2,0
"1272",1271,"img_1272",2,0
"1273",1272,"img_1273",2,1
"1274",1273,"img_1274",2,0
"1275",1274,"img_1275",2,1
"1276",1275,"img_1276",2,1
"1277",1276,"img_1277",2,1
"1278",1277,"img_1278",2,1
"1279",1278,"img_1279",2,1
"1280",1279,"img_1280",2,0
"1281",1280,"img_1281",2,0
"1282",1281,"img_1282",2,1
"1283",1282,"img_1283",2,0
"1284",1283,"img_1284",2,1
"1285",1284,"img_1285",2,1
"1286",1285,"img_1286",2,1
"1287",1286,"img_1287",2,1
"1288",1287,"img_1288",2,0
"1289",1288,"img_1289",2,0
"1290",1289,"img_1290",2,1
"1291",1290,"img_1291",2,1
"1292",1291,"img_1292",2,1
"1293",1292,"img_1293",2,1
"1294",1293,"img_1294",2,1
"1295",1294,"img_1295",2,1
"1296",1295,"img_1296",2,1
"1297",1296,"img_1297",2,1
"1298",1297,"img_1298",2,1
"1299",1298,"img_1299",2,0
"1300",1299,"img_1300",2,1
"1301",1300,"img_1301",2,0
"1302",1301,"img_1302",2,1
"1303",1302,"img_1303",2,0
"1304",1303,"img_1304",2,1
"1305",1304,"img_1305",2,0
"1306",1305,"img_1306",2,0
"1307",1306,"img_1307",2,1
"1308",1307,"img_1308",2,1
"1309",1308,"img_1309",2,1
"1310",1309,"img_1310",2,1
"1311",1310,"img_1311",2,1
"1312",1311,"img_1312",2,1
"1313",1312,"img_1313",2,0
"1314",1313,"img_1314",2,1
"1315",1314,"img_1315",2,0
"1316",1315,"img_1316",2,0
"1317",1316,"img_1317",2,1
"1318",1317,"img_1318",2,0
"1319",1318,"img_1319",2,1
"1320",1319,"img_1320",2,1
"1321",1320,"img_1321",2,1
"1322",1321,"img_1322",2,1
"1323",1322,"img_1323",2,1
"1324",1323,"img_1324",2,1
"1325",1324,"img_1325",2,1
"1326",1325,"img_1326",2,1
"1327",1326,"img_1327",2,0
"1328",1327,"img_1328",2,1
"1329",1328,"img_1329",2,0
"1330",1329,"img_1330",2,1
"1331",1330,"img_1331",2,0
"1332",1331,"img_1332",2,1
"1333",1332,"img_1333",2,1
"1334",1333,"img_1334",2,1
"1335",1334,"img_1335",2,1
"1336",1335,"img_1336",2,0
"1337",1336,"img_1337",2,1
"1338",1337,"img_1338",2,1
"1339",1338,"img_1339",2,1
"1340",1339,"img_1340",2,0
"1341",1340,"img_1341",2,1
"1342",1341,"img_1342",2,1
"1343",1342,"img_1343",2,1
"1344",1343,"img_1344",2,1
"1345",1344,"img_1345",2,1
"1346",1345,"img_1346",2,0
"1347",1346,"img_1347",2,0
"1348",1347,"img_1348",2,0
"1349",1348,"img_1349",2,1
"1350",1349,"img_1350",2,0
"1351",1350,"img_1351",2,1
"1352",1351,"img_1352",2,1
"1353",1352,"img_1353",2,1
"1354",1353,"img_1354",2,0
"1355",1354,"img_1355",2,0
"1356",1355,"img_1356",2,0
"1357",1356,"img_1357",2,1
"1358",1357,"img_1358",2,0
"1359",1358,"img_1359",2,1
"1360",1359,"img_1360",2,1
"1361",1360,"img_1361",2,0
"1362",1361,"img_1362",2,0
"1363",1362,"img_1363",2,0
"1364",1363,"img_1364",2,1
"1365",1364,"img_1365",2,1
"1366",1365,"img_1366",2,1
"1367",1366,"img_1367",2,0
"1368",1367,"img_1368",2,1
"1369",1368,"img_1369",2,1
"1370",1369,"img_1370",2,0
"1371",1370,"img_1371",2,1
"1372",1371,"img_1372",2,0
"1373",1372,"img_1373",2,1
"1374",1373,"img_1374",2,0
"1375",1374,"img_1375",2,1
"1376",1375,"img_1376",2,0
"1377",1376,"img_1377",2,1
"1378",1377,"img_1378",2,1
"1379",1378,"img_1379",2,1
"1380",1379,"img_1380",2,1
"1381",1380,"img_1381",2,1
"1382",1381,"img_1382",2,1
"1383",1382,"img_1383",2,0
"1384",1383,"img_1384",2,1
"1385",1384,"img_1385",2,1
"1386",1385,"img_1386",2,1
"1387",1386,"img_1387",2,0
"1388",1387,"img_1388",2,1
"1389",1388,"img_1389",2,1
"1390",1389,"img_1390",2,0
"1391",1390,"img_1391",2,1
"1392",1391,"img_1392",2,1
"1393",1392,"img_1393",2,0
"1394",1393,"img_1394",2,0
"1395",1394,"img_1395",2,1
"1396",1395,"img_1396",2,1
"1397",1396,"img_1397",2,1
"1398",1397,"img_1398",2,0
"1399",1398,"img_1399",2,1
"1400",1399,"img_1400",2,1
"1401",1400,"img_1401",2,0
"1402",1401,"img_1402",2,1
"1403",1402,"img_1403",2,1
"1404",1403,"img_1404",2,0
"1405",1404,"img_1405",2,1
"1406",1405,"img_1406",2,1
"1407",1406,"img_1407",2,1
"1408",1407,"img_1408",2,1
"1409",1408,"img_1409",2,1
"1410",1409,"img_1410",2,1
"1411",1410,"img_1411",2,0
"1412",1411,"img_1412",2,1
"1413",1412,"img_1413",2,0
"1414",1413,"img_1414",2,1
"1415",1414,"img_1415",2,1
"1416",1415,"img_1416",2,1
"1417",1416,"img_1417",2,1
"1418",1417,"img_1418",2,1
"1419",1418,"img_1419",2,0
"1420",1419,"img_1420",2,1
"1421",1420,"img_1421",2,0
"1422",1421,"img_1422",2,0
"1423",1422,"img_1423",2,1
"1424",1423,"img_1424",2,1
"1425",1424,"img_1425",2,1
"1426",1425,"img_1426",2,1
"1427",1426,"img_1427",2,0
"1428",1427,"img_1428",2,0
"1429",1428,"img_1429",2,0
"1430",1429,"img_1430",2,0
"1431",1430,"img_1431",2,1
"1432",1431,"img_1432",2,1
"1433",1432,"img_1433",2,1
"1434",1433,"img_1434",2,1
"1435",1434,"img_1435",2,1
"1436",1435,"img_1436",2,0
"1437",1436,"img_1437",2,0
"1438",1437,"img_1438",2,0
"1439",1438,"img_1439",2,1
"1440",1439,"img_1440",2,1
"1441",1440,"img_1441",2,0
"1442",1441,"img_1442",2,1
"1443",1442,"img_1443",2,1
"1444",1443,"img_1444",2,1
"1445",1444,"img_1445",2,1
"1446",1445,"img_1446",2,1
"1447",1446,"img_1447",2,1
"1448",1447,"img_1448",2,0
"1449",1448,"img_1449",2,1
"1450",1449,"img_1450",2,1
"1451",1450,"img_1451",2,1
"1452",1451,"img_1452",2,1
"1453",1452,"img_1453",2,0
"1454",1453,"img_1454",2,1
"1455",1454,"img_1455",2,1
"1456",1455,"img_1456",2,1
"1457",1456,"img_1457",2,1
"1458",1457,"img_1458",2,1
"1459",1458,"img_1459",2,1
"1460",1459,"img_1460",2,0
"1461",1460,"img_1461",2,1
"1462",1461,"img_1462",2,1
"1463",1462,"img_1463",2,1
"1464",1463,"img_1464",2,1
"1465",1464,"img_1465",2,0
"1466",1465,"img_1466",2,0
"1467",1466,"img_1467",2,1
"1468",1467,"img_1468",2,0
"1469",1468,"img_1469",2,1
"1470",1469,"img_1470",2,1
"1471",1470,"img_1471",2,0
"1472",1471,"img_1472",2,1
"1473",1472,"img_1473",2,1
"1474",1473,"img_1474",2,1
"1475",1474,"img_1475",2,1
"1476",1475,"img_1476",2,1
"1477",1476,"img_1477",2,1
"1478",1477,"img_1478",2,1
"1479",1478,"img_1479",2,1
"1480",1479,"img_1480",2,1
"1481",1480,"img_1481",2,0
"1482",1481,"img_1482",2,1
"1483",1482,"img_1483",2,1
"1484",1483,"img_1484",2,1
"1485",1484,"img_1485",2,1
"1486",1485,"img_1486",2,1
"1487",1486,"img_1487",2,1
"1488",1487,"img_1488",2,1
"1489",1488,"img_1489",2,0
"1490",1489,"img_1490",2,1
"1491",1490,"img_1491",2,0
"1492",1491,"img_1492",2,1
"1493",1492,"img_1493",2,0
"1494",1493,"img_1494",2,1
"1495",1494,"img_1495",2,0
"1496",1495,"img_1496",2,0
"1497",1496,"img_1497",2,1
"1498",1497,"img_1498",2,1
"1499",1498,"img_1499",2,1
"1500",1499,"img_1500",2,1
"1501",1500,"img_1501",2,0
"1502",1501,"img_1502",2,1
"1503",1502,"img_1503",2,1
"1504",1503,"img_1504",2,1
"1505",1504,"img_1505",2,1
"1506",1505,"img_1506",2,1
"1507",1506,"img_1507",2,0
"1508",1507,"img_1508",2,1
"1509",1508,"img_1509",2,0
"1510",1509,"img_1510",2,1
"1511",1510,"img_1511",2,0
"1512",1511,"img_1512",2,1
"1513",1512,"img_1513",2,1
"1514",1513,"img_1514",2,0
"1515",1514,"img_1515",2,1
"1516",1515,"img_1516",2,1
"1517",1516,"img_1517",2,0
"1518",1517,"img_1518",2,0
"1519",1518,"img_1519",2,0
"1520",1519,"img_1520",2,1
"1521",1520,"img_1521",2,1
"1522",1521,"img_1522",2,0
"1523",1522,"img_1523",2,1
"1524",1523,"img_1524",2,1
"1525",1524,"img_1525",2,1
"1526",1525,"img_1526",2,0
"1527",1526,"img_1527",2,1
"1528",1527,"img_1528",2,1
"1529",1528,"img_1529",2,1
"1530",1529,"img_1530",2,0
"1531",1530,"img_1531",2,1
"1532",1531,"img_1532",2,0
"1533",1532,"img_1533",2,1
"1534",1533,"img_1534",2,0
"1535",1534,"img_1535",2,0
"1536",1535,"img_1536",2,0
"1537",1536,"img_1537",2,1
"1538",1537,"img_1538",2,0
"1539",1538,"img_1539",2,0
"1540",1539,"img_1540",2,1
"1541",1540,"img_1541",2,0
"1542",1541,"img_1542",2,0
"1543",1542,"img_1543",2,1
"1544",1543,"img_1544",2,0
"1545",1544,"img_1545",2,0
"1546",1545,"img_1546",2,1
"1547",1546,"img_1547",2,1
"1548",1547,"img_1548",2,0
"1549",1548,"img_1549",2,1
"1550",1549,"img_1550",2,1
"1551",1550,"img_1551",2,1
"1552",1551,"img_1552",2,1
"1553",1552,"img_1553",2,0
"1554",1553,"img_1554",2,0
"1555",1554,"img_1555",2,0
"1556",1555,"img_1556",2,1
"1557",1556,"img_1557",2,0
"1558",1557,"img_1558",2,1
"1559",1558,"img_1559",2,1
"1560",1559,"img_1560",2,0
"1561",1560,"img_1561",2,1
"1562",1561,"img_1562",2,0
"1563",1562,"img_1563",2,1
"1564",1563,"img_1564",2,1
"1565",1564,"img_1565",2,1
"1566",1565,"img_1566",2,1
"1567",1566,"img_1567",2,1
"1568",1567,"img_1568",2,0
"1569",1568,"img_1569",2,1
"1570",1569,"img_1570",2,1
"1571",1570,"img_1571",2,1
"1572",1571,"img_1572",2,0
"1573",1572,"img_1573",2,1
"1574",1573,"img_1574",2,1
"1575",1574,"img_1575",2,0
"1576",1575,"img_1576",2,0
"1577",1576,"img_1577",2,1
"1578",1577,"img_1578",2,1
"1579",1578,"img_1579",2,1
"1580",1579,"img_1580",2,0
"1581",1580,"img_1581",2,1
"1582",1581,"img_1582",2,0
"1583",1582,"img_1583",2,1
"1584",1583,"img_1584",2,0
"1585",1584,"img_1585",2,0
"1586",1585,"img_1586",2,1
"1587",1586,"img_1587",2,1
"1588",1587,"img_1588",2,1
"1589",1588,"img_1589",2,0
"1590",1589,"img_1590",2,1
"1591",1590,"img_1591",2,0
"1592",1591,"img_1592",2,1
"1593",1592,"img_1593",2,1
"1594",1593,"img_1594",2,1
"1595",1594,"img_1595",2,1
"1596",1595,"img_1596",2,1
"1597",1596,"img_1597",2,1
"1598",1597,"img_1598",2,1
"1599",1598,"img_1599",2,1
"1600",1599,"img_1600",2,1
"1601",1600,"img_1601",2,1
"1602",1601,"img_1602",2,1
"1603",1602,"img_1603",2,0
"1604",1603,"img_1604",2,1
"1605",1604,"img_1605",2,1
"1606",1605,"img_1606",2,0
"1607",1606,"img_1607",2,1
"1608",1607,"img_1608",2,1
"1609",1608,"img_1609",2,1
"1610",1609,"img_1610",2,1
"1611",1610,"img_1611",2,1
"1612",1611,"img_1612",2,1
"1613",1612,"img_1613",2,1
"1614",1613,"img_1614",2,1
"1615",1614,"img_1615",2,1
"1616",1615,"img_1616",2,1
"1617",1616,"img_1617",2,0
"1618",1617,"img_1618",2,1
"1619",1618,"img_1619",2,0
"1620",1619,"img_1620",2,1
"1621",1620,"img_1621",2,1
"1622",1621,"img_1622",2,0
"1623",1622,"img_1623",2,1
"1624",1623,"img_1624",2,1
"1625",1624,"img_1625",2,1
"1626",1625,"img_1626",2,1
"1627",1626,"img_1627",2,1
"1628",1627,"img_1628",2,1
"1629",1628,"img_1629",2,1
"1630",1629,"img_1630",2,1
"1631",1630,"img_1631",2,0
"1632",1631,"img_1632",2,0
"1633",1632,"img_1633",2,0
"1634",1633,"img_1634",2,1
"1635",1634,"img_1635",2,0
"1636",1635,"img_1636",2,0
"1637",1636,"img_1637",2,1
"1638",1637,"img_1638",2,1
"1639",1638,"img_1639",2,0
"1640",1639,"img_1640",2,1
"1641",1640,"img_1641",2,1
"1642",1641,"img_1642",2,1
"1643",1642,"img_1643",2,1
"1644",1643,"img_1644",2,1
"1645",1644,"img_1645",2,1
"1646",1645,"img_1646",2,1
"1647",1646,"img_1647",2,1
"1648",1647,"img_1648",2,0
"1649",1648,"img_1649",2,1
"1650",1649,"img_1650",2,1
"1651",1650,"img_1651",2,1
"1652",1651,"img_1652",2,1
"1653",1652,"img_1653",2,0
"1654",1653,"img_1654",2,1
"1655",1654,"img_1655",2,1
"1656",1655,"img_1656",2,1
"1657",1656,"img_1657",2,1
"1658",1657,"img_1658",2,1
"1659",1658,"img_1659",2,0
"1660",1659,"img_1660",2,1
"1661",1660,"img_1661",2,0
"1662",1661,"img_1662",2,0
"1663",1662,"img_1663",2,1
"1664",1663,"img_1664",2,1
"1665",1664,"img_1665",2,1
"1666",1665,"img_1666",2,1
"1667",1666,"img_1667",2,1
"1668",1667,"img_1668",2,1
"1669",1668,"img_1669",2,0
"1670",1669,"img_1670",2,1
"1671",1670,"img_1671",2,1
"1672",1671,"img_1672",2,0
"1673",1672,"img_1673",2,0
"1674",1673,"img_1674",2,0
"1675",1674,"img_1675",2,1
"1676",1675,"img_1676",2,1
"1677",1676,"img_1677",2,1
"1678",1677,"img_1678",2,1
"1679",1678,"img_1679",2,1
"1680",1679,"img_1680",2,1
"1681",1680,"img_1681",2,1
"1682",1681,"img_1682",2,1
"1683",1682,"img_1683",2,0
"1684",1683,"img_1684",2,0
"1685",1684,"img_1685",2,1
"1686",1685,"img_1686",2,1
"1687",1686,"img_1687",2,1
"1688",1687,"img_1688",2,1
"1689",1688,"img_1689",2,1
"1690",1689,"img_1690",2,1
"1691",1690,"img_1691",2,1
"1692",1691,"img_1692",2,1
"1693",1692,"img_1693",2,1
"1694",1693,"img_1694",2,0
"1695",1694,"img_1695",2,1
"1696",1695,"img_1696",2,1
"1697",1696,"img_1697",2,0
"1698",1697,"img_1698",2,1
"1699",1698,"img_1699",2,0
"1700",1699,"img_1700",2,1
"1701",1700,"img_1701",2,1
"1702",1701,"img_1702",2,1
"1703",1702,"img_1703",2,0
"1704",1703,"img_1704",2,0
"1705",1704,"img_1705",2,0
"1706",1705,"img_1706",2,0
"1707",1706,"img_1707",2,0
"1708",1707,"img_1708",2,1
"1709",1708,"img_1709",2,1
"1710",1709,"img_1710",2,1
"1711",1710,"img_1711",2,1
"1712",1711,"img_1712",2,1
"1713",1712,"img_1713",2,1
"1714",1713,"img_1714",2,0
"1715",1714,"img_1715",2,1
"1716",1715,"img_1716",2,1
"1717",1716,"img_1717",2,0
"1718",1717,"img_1718",2,0
"1719",1718,"img_1719",2,0
"1720",1719,"img_1720",2,0
"1721",1720,"img_1721",2,1
"1722",1721,"img_1722",2,1
"1723",1722,"img_1723",2,1
"1724",1723,"img_1724",2,0
"1725",1724,"img_1725",2,0
"1726",1725,"img_1726",2,1
"1727",1726,"img_1727",2,0
"1728",1727,"img_1728",2,1
"1729",1728,"img_1729",2,1
"1730",1729,"img_1730",2,1
"1731",1730,"img_1731",2,0
"1732",1731,"img_1732",2,0
"1733",1732,"img_1733",2,1
"1734",1733,"img_1734",2,1
"1735",1734,"img_1735",2,1
"1736",1735,"img_1736",2,0
"1737",1736,"img_1737",2,0
"1738",1737,"img_1738",2,1
"1739",1738,"img_1739",2,0
"1740",1739,"img_1740",2,0
"1741",1740,"img_1741",2,1
"1742",1741,"img_1742",2,1
"1743",1742,"img_1743",2,0
"1744",1743,"img_1744",2,0
"1745",1744,"img_1745",2,1
"1746",1745,"img_1746",2,1
"1747",1746,"img_1747",2,0
"1748",1747,"img_1748",2,0
"1749",1748,"img_1749",2,1
"1750",1749,"img_1750",2,1
"1751",1750,"img_1751",2,0
"1752",1751,"img_1752",2,1
"1753",1752,"img_1753",2,1
"1754",1753,"img_1754",2,1
"1755",1754,"img_1755",2,0
"1756",1755,"img_1756",2,1
"1757",1756,"img_1757",2,1
"1758",1757,"img_1758",2,0
"1759",1758,"img_1759",2,1
"1760",1759,"img_1760",2,0
"1761",1760,"img_1761",2,1
"1762",1761,"img_1762",2,0
"1763",1762,"img_1763",2,1
"1764",1763,"img_1764",2,1
"1765",1764,"img_1765",2,1
"1766",1765,"img_1766",2,1
"1767",1766,"img_1767",2,1
"1768",1767,"img_1768",2,1
"1769",1768,"img_1769",2,1
"1770",1769,"img_1770",2,1
"1771",1770,"img_1771",2,1
"1772",1771,"img_1772",2,1
"1773",1772,"img_1773",2,1
"1774",1773,"img_1774",2,0
"1775",1774,"img_1775",2,1
"1776",1775,"img_1776",2,1
"1777",1776,"img_1777",2,0
"1778",1777,"img_1778",2,0
"1779",1778,"img_1779",2,1
"1780",1779,"img_1780",2,1
"1781",1780,"img_1781",2,0
"1782",1781,"img_1782",2,1
"1783",1782,"img_1783",2,1
"1784",1783,"img_1784",2,1
"1785",1784,"img_1785",2,1
"1786",1785,"img_1786",2,1
"1787",1786,"img_1787",2,1
"1788",1787,"img_1788",2,1
"1789",1788,"img_1789",2,1
"1790",1789,"img_1790",2,1
"1791",1790,"img_1791",2,0
"1792",1791,"img_1792",2,1
"1793",1792,"img_1793",2,1
"1794",1793,"img_1794",2,1
"1795",1794,"img_1795",2,1
"1796",1795,"img_1796",2,0
"1797",1796,"img_1797",2,1
"1798",1797,"img_1798",2,1
"1799",1798,"img_1799",2,0
"1800",1799,"img_1800",2,1
"1801",1800,"img_1801",2,0
"1802",1801,"img_1802",2,0
"1803",1802,"img_1803",2,1
"1804",1803,"img_1804",2,1
"1805",1804,"img_1805",2,0
"1806",1805,"img_1806",2,1
"1807",1806,"img_1807",2,0
"1808",1807,"img_1808",2,0
"1809",1808,"img_1809",2,1
"1810",1809,"img_1810",2,0
"1811",1810,"img_1811",2,1
"1812",1811,"img_1812",2,1
"1813",1812,"img_1813",2,1
"1814",1813,"img_1814",2,0
"1815",1814,"img_1815",2,0
"1816",1815,"img_1816",2,1
"1817",1816,"img_1817",2,1
"1818",1817,"img_1818",2,1
"1819",1818,"img_1819",2,1
"1820",1819,"img_1820",2,0
"1821",1820,"img_1821",2,1
"1822",1821,"img_1822",2,0
"1823",1822,"img_1823",2,1
"1824",1823,"img_1824",2,1
"1825",1824,"img_1825",2,0
"1826",1825,"img_1826",2,0
"1827",1826,"img_1827",2,0
"1828",1827,"img_1828",2,1
"1829",1828,"img_1829",2,0
"1830",1829,"img_1830",2,0
"1831",1830,"img_1831",2,1
"1832",1831,"img_1832",2,1
"1833",1832,"img_1833",2,1
"1834",1833,"img_1834",2,0
"1835",1834,"img_1835",2,0
"1836",1835,"img_1836",2,1
"1837",1836,"img_1837",2,0
"1838",1837,"img_1838",2,1
"1839",1838,"img_1839",2,1
"1840",1839,"img_1840",2,1
"1841",1840,"img_1841",2,0
"1842",1841,"img_1842",2,1
"1843",1842,"img_1843",2,0
"1844",1843,"img_1844",2,1
"1845",1844,"img_1845",2,1
"1846",1845,"img_1846",2,1
"1847",1846,"img_1847",2,1
"1848",1847,"img_1848",2,1
"1849",1848,"img_1849",2,1
"1850",1849,"img_1850",2,1
"1851",1850,"img_1851",2,0
"1852",1851,"img_1852",2,1
"1853",1852,"img_1853",2,1
"1854",1853,"img_1854",2,1
"1855",1854,"img_1855",2,1
"1856",1855,"img_1856",2,1
"1857",1856,"img_1857",2,1
"1858",1857,"img_1858",2,0
"1859",1858,"img_1859",2,1
"1860",1859,"img_1860",2,1
"1861",1860,"img_1861",2,1
"1862",1861,"img_1862",2,1
"1863",1862,"img_1863",2,1
"1864",1863,"img_1864",2,1
"1865",1864,"img_1865",2,0
"1866",1865,"img_1866",2,0
"1867",1866,"img_1867",2,1
"1868",1867,"img_1868",2,1
"1869",1868,"img_1869",2,0
"1870",1869,"img_1870",2,1
"1871",1870,"img_1871",2,1
"1872",1871,"img_1872",2,1
"1873",1872,"img_1873",2,0
"1874",1873,"img_1874",2,1
"1875",1874,"img_1875",2,1
"1876",1875,"img_1876",2,1
"1877",1876,"img_1877",2,1
"1878",1877,"img_1878",2,1
"1879",1878,"img_1879",2,1
"1880",1879,"img_1880",2,1
"1881",1880,"img_1881",2,1
"1882",1881,"img_1882",2,0
"1883",1882,"img_1883",2,1
"1884",1883,"img_1884",2,1
"1885",1884,"img_1885",2,0
"1886",1885,"img_1886",2,1
"1887",1886,"img_1887",2,0
"1888",1887,"img_1888",2,1
"1889",1888,"img_1889",2,1
"1890",1889,"img_1890",2,1
"1891",1890,"img_1891",2,0
"1892",1891,"img_1892",2,1
"1893",1892,"img_1893",2,1
"1894",1893,"img_1894",2,1
"1895",1894,"img_1895",2,1
"1896",1895,"img_1896",2,0
"1897",1896,"img_1897",2,0
"1898",1897,"img_1898",2,1
"1899",1898,"img_1899",2,1
"1900",1899,"img_1900",2,1
"1901",1900,"img_1901",2,1
"1902",1901,"img_1902",2,1
"1903",1902,"img_1903",2,1
"1904",1903,"img_1904",2,0
"1905",1904,"img_1905",2,1
"1906",1905,"img_1906",2,1
"1907",1906,"img_1907",2,1
"1908",1907,"img_1908",2,0
"1909",1908,"img_1909",2,0
"1910",1909,"img_1910",2,0
"1911",1910,"img_1911",2,1
"1912",1911,"img_1912",2,1
"1913",1912,"img_1913",2,0
"1914",1913,"img_1914",2,1
"1915",1914,"img_1915",2,1
"1916",1915,"img_1916",2,0
"1917",1916,"img_1917",2,1
"1918",1917,"img_1918",2,0
"1919",1918,"img_1919",2,1
"1920",1919,"img_1920",2,0
"1921",1920,"img_1921",2,0
"1922",1921,"img_1922",2,1
"1923",1922,"img_1923",2,1
"1924",1923,"img_1924",2,0
"1925",1924,"img_1925",2,1
"1926",1925,"img_1926",2,1
"1927",1926,"img_1927",2,1
"1928",1927,"img_1928",2,1
"1929",1928,"img_1929",2,0
"1930",1929,"img_1930",2,1
"1931",1930,"img_1931",2,0
"1932",1931,"img_1932",2,0
"1933",1932,"img_1933",2,1
"1934",1933,"img_1934",2,0
"1935",1934,"img_1935",2,1
"1936",1935,"img_1936",2,0
"1937",1936,"img_1937",2,1
"1938",1937,"img_1938",2,1
"1939",1938,"img_1939",2,1
"1940",1939,"img_1940",2,1
"1941",1940,"img_1941",2,0
"1942",1941,"img_1942",2,1
"1943",1942,"img_1943",2,1
"1944",1943,"img_1944",2,0
"1945",1944,"img_1945",2,1
"1946",1945,"img_1946",2,1
"1947",1946,"img_1947",2,1
"1948",1947,"img_1948",2,1
"1949",1948,"img_1949",2,1
"1950",1949,"img_1950",2,0
"1951",1950,"img_1951",2,1
"1952",1951,"img_1952",2,1
"1953",1952,"img_1953",2,1
"1954",1953,"img_1954",2,1
"1955",1954,"img_1955",2,1
"1956",1955,"img_1956",2,0
"1957",1956,"img_1957",2,0
"1958",1957,"img_1958",2,1
"1959",1958,"img_1959",2,1
"1960",1959,"img_1960",2,0
"1961",1960,"img_1961",2,1
"1962",1961,"img_1962",2,1
"1963",1962,"img_1963",2,0
"1964",1963,"img_1964",2,1
"1965",1964,"img_1965",2,0
"1966",1965,"img_1966",2,0
"1967",1966,"img_1967",2,0
"1968",1967,"img_1968",2,1
"1969",1968,"img_1969",2,0
"1970",1969,"img_1970",2,1
"1971",1970,"img_1971",2,0
"1972",1971,"img_1972",2,1
"1973",1972,"img_1973",2,1
"1974",1973,"img_1974",2,1
"1975",1974,"img_1975",2,1
"1976",1975,"img_1976",2,1
"1977",1976,"img_1977",2,0
"1978",1977,"img_1978",2,1
"1979",1978,"img_1979",2,0
"1980",1979,"img_1980",2,1
"1981",1980,"img_1981",2,1
"1982",1981,"img_1982",2,1
"1983",1982,"img_1983",2,1
"1984",1983,"img_1984",2,0
"1985",1984,"img_1985",2,1
"1986",1985,"img_1986",2,1
"1987",1986,"img_1987",2,1
"1988",1987,"img_1988",2,1
"1989",1988,"img_1989",2,1
"1990",1989,"img_1990",2,1
"1991",1990,"img_1991",2,1
"1992",1991,"img_1992",2,0
"1993",1992,"img_1993",2,1
"1994",1993,"img_1994",2,1
"1995",1994,"img_1995",2,0
"1996",1995,"img_1996",2,1
"1997",1996,"img_1997",2,1
"1998",1997,"img_1998",2,0
"1999",1998,"img_1999",2,1
"2000",1999,"img_2000",2,1
"2001",2000,"img_2001",3,1
"2002",2001,"img_2002",3,1
"2003",2002,"img_2003",3,1
"2004",2003,"img_2004",3,1
"2005",2004,"img_2005",3,1
"2006",2005,"img_2006",3,0
"2007",2006,"img_2007",3,1
"2008",2007,"img_2008",3,1
"2009",2008,"img_2009",3,1
"2010",2009,"img_2010",3,1
"2011",2010,"img_2011",3,1
"2012",2011,"img_2012",3,1
"2013",2012,"img_2013",3,1
"2014",2013,"img_2014",3,1
"2015",2014,"img_2015",3,1
"2016",2015,"img_2016",3,1
"2017",2016,"img_2017",3,1
"2018",2017,"img_2018",3,1
"2019",2018,"img_2019",3,1
"2020",2019,"img_2020",3,0
"2021",2020,"img_2021",3,1
"2022",2021,"img_2022",3,1
"2023",2022,"img_2023",3,1
"2024",2023,"img_2024",3,0
"2025",2024,"img_2025",3,0
"2026",2025,"img_2026",3,1
"2027",2026,"img_2027",3,1
"2028",2027,"img_2028",3,1
"2029",2028,"img_2029",3,1
"2030",2029,"img_2030",3,1
"2031",2030,"img_2031",3,1
"2032",2031,"img_2032",3,1
"2033",2032,"img_2033",3,1
"2034",2033,"img_2034",3,0
"2035",2034,"img_2035",3,1
"2036",2035,"img_2036",3,0
"2037",2036,"img_2037",3,1
"2038",2037,"img_2038",3,1
"2039",2038,"img_2039",3,1
"2040",2039,"img_2040",3,1
"2041",2040,"img_2041",3,1
"2042",2041,"img_2042",3,0
"2043",2042,"img_2043",3,1
"2044",2043,"img_2044",3,0
"2045",2044,"img_2045",3,0
"2046",2045,"img_2046",3,1
"2047",2046,"img_2047",3,1
"2048",2047,"img_2048",3,1
"2049",2048,"img_2049",3,1
"2050",2049,"img_2050",3,1
"2051",2050,"img_2051",3,1
"2052",2051,"img_2052",3,0
"2053",2052,"img_2053",3,1
"2054",2053,"img_2054",3,0
"2055",2054,"img_2055",3,1
"2056",2055,"img_2056",3,1
"2057",2056,"img_2057",3,1
"2058",2057,"img_2058",3,1
"2059",2058,"img_2059",3,1
"2060",2059,"img_2060",3,1
"2061",2060,"img_2061",3,0
"2062",2061,"img_2062",3,1
"2063",2062,"img_2063",3,1
"2064",2063,"img_2064",3,1
"2065",2064,"img_2065",3,1
"2066",2065,"img_2066",3,1
"2067",2066,"img_2067",3,1
"2068",2067,"img_2068",3,1
"2069",2068,"img_2069",3,1
"2070",2069,"img_2070",3,0
"2071",2070,"img_2071",3,1
"2072",2071,"img_2072",3,1
"2073",2072,"img_2073",3,0
"2074",2073,"img_2074",3,0
"2075",2074,"img_2075",3,1
"2076",2075,"img_2076",3,1
"2077",2076,"img_2077",3,1
"2078",2077,"img_2078",3,1
"2079",2078,"img_2079",3,1
"2080",2079,"img_2080",3,0
"2081",2080,"img_2081",3,1
"2082",2081,"img_2082",3,1
"2083",2082,"img_2083",3,1
"2084",2083,"img_2084",3,1
"2085",2084,"img_2085",3,1
"2086",2085,"img_2086",3,0
"2087",2086,"img_2087",3,1
"2088",2087,"img_2088",3,0
"2089",2088,"img_2089",3,1
"2090",2089,"img_2090",3,0
"2091",2090,"img_2091",3,1
"2092",2091,"img_2092",3,1
"2093",2092,"img_2093",3,1
"2094",2093,"img_2094",3,1
"2095",2094,"img_2095",3,0
"2096",2095,"img_2096",3,1
"2097",2096,"img_2097",3,1
"2098",2097,"img_2098",3,0
"2099",2098,"img_2099",3,1
"2100",2099,"img_2100",3,1
"2101",2100,"img_2101",3,0
"2102",2101,"img_2102",3,1
"2103",2102,"img_2103",3,1
"2104",2103,"img_2104",3,0
"2105",2104,"img_2105",3,0
"2106",2105,"img_2106",3,0
"2107",2106,"img_2107",3,0
"2108",2107,"img_2108",3,1
"2109",2108,"img_2109",3,0
"2110",2109,"img_2110",3,1
"2111",2110,"img_2111",3,1
"2112",2111,"img_2112",3,0
"2113",2112,"img_2113",3,1
"2114",2113,"img_2114",3,1
"2115",2114,"img_2115",3,0
"2116",2115,"img_2116",3,1
"2117",2116,"img_2117",3,1
"2118",2117,"img_2118",3,1
"2119",2118,"img_2119",3,0
"2120",2119,"img_2120",3,0
"2121",2120,"img_2121",3,0
"2122",2121,"img_2122",3,1
"2123",2122,"img_2123",3,1
"2124",2123,"img_2124",3,0
"2125",2124,"img_2125",3,1
"2126",2125,"img_2126",3,1
"2127",2126,"img_2127",3,1
"2128",2127,"img_2128",3,1
"2129",2128,"img_2129",3,0
"2130",2129,"img_2130",3,1
"2131",2130,"img_2131",3,0
"2132",2131,"img_2132",3,1
"2133",2132,"img_2133",3,1
"2134",2133,"img_2134",3,1
"2135",2134,"img_2135",3,1
"2136",2135,"img_2136",3,1
"2137",2136,"img_2137",3,0
"2138",2137,"img_2138",3,0
"2139",2138,"img_2139",3,0
"2140",2139,"img_2140",3,1
"2141",2140,"img_2141",3,1
"2142",2141,"img_2142",3,0
"2143",2142,"img_2143",3,1
"2144",2143,"img_2144",3,1
"2145",2144,"img_2145",3,1
"2146",2145,"img_2146",3,1
"2147",2146,"img_2147",3,0
"2148",2147,"img_2148",3,1
"2149",2148,"img_2149",3,1
"2150",2149,"img_2150",3,1
"2151",2150,"img_2151",3,1
"2152",2151,"img_2152",3,1
"2153",2152,"img_2153",3,1
"2154",2153,"img_2154",3,1
"2155",2154,"img_2155",3,1
"2156",2155,"img_2156",3,0
"2157",2156,"img_2157",3,0
"2158",2157,"img_2158",3,1
"2159",2158,"img_2159",3,0
"2160",2159,"img_2160",3,1
"2161",2160,"img_2161",3,1
"2162",2161,"img_2162",3,1
"2163",2162,"img_2163",3,0
"2164",2163,"img_2164",3,1
"2165",2164,"img_2165",3,1
"2166",2165,"img_2166",3,1
"2167",2166,"img_2167",3,1
"2168",2167,"img_2168",3,0
"2169",2168,"img_2169",3,1
"2170",2169,"img_2170",3,1
"2171",2170,"img_2171",3,1
"2172",2171,"img_2172",3,1
"2173",2172,"img_2173",3,1
"2174",2173,"img_2174",3,1
"2175",2174,"img_2175",3,0
"2176",2175,"img_2176",3,0
"2177",2176,"img_2177",3,1
"2178",2177,"img_2178",3,1
"2179",2178,"img_2179",3,0
"2180",2179,"img_2180",3,1
"2181",2180,"img_2181",3,1
"2182",2181,"img_2182",3,0
"2183",2182,"img_2183",3,1
"2184",2183,"img_2184",3,1
"2185",2184,"img_2185",3,0
"2186",2185,"img_2186",3,0
"2187",2186,"img_2187",3,0
"2188",2187,"img_2188",3,1
"2189",2188,"img_2189",3,0
"2190",2189,"img_2190",3,1
"2191",2190,"img_2191",3,0
"2192",2191,"img_2192",3,1
"2193",2192,"img_2193",3,1
"2194",2193,"img_2194",3,1
"2195",2194,"img_2195",3,1
"2196",2195,"img_2196",3,1
"2197",2196,"img_2197",3,1
"2198",2197,"img_2198",3,1
"2199",2198,"img_2199",3,0
"2200",2199,"img_2200",3,1
"2201",2200,"img_2201",3,1
"2202",2201,"img_2202",3,1
"2203",2202,"img_2203",3,1
"2204",2203,"img_2204",3,1
"2205",2204,"img_2205",3,1
"2206",2205,"img_2206",3,1
"2207",2206,"img_2207",3,1
"2208",2207,"img_2208",3,1
"2209",2208,"img_2209",3,1
"2210",2209,"img_2210",3,1
"2211",2210,"img_2211",3,1
"2212",2211,"img_2212",3,0
"2213",2212,"img_2213",3,1
"2214",2213,"img_2214",3,0
"2215",2214,"img_2215",3,0
"2216",2215,"img_2216",3,0
"2217",2216,"img_2217",3,0
"2218",2217,"img_2218",3,1
"2219",2218,"img_2219",3,1
"2220",2219,"img_2220",3,1
"2221",2220,"img_2221",3,0
"2222",2221,"img_2222",3,1
"2223",2222,"img_2223",3,1
"2224",2223,"img_2224",3,1
"2225",2224,"img_2225",3,1
"2226",2225,"img_2226",3,0
"2227",2226,"img_2227",3,1
"2228",2227,"img_2228",3,1
"2229",2228,"img_2229",3,1
"2230",2229,"img_2230",3,1
"2231",2230,"img_2231",3,1
"2232",2231,"img_2232",3,1
"2233",2232,"img_2233",3,0
"2234",2233,"img_2234",3,0
"2235",2234,"img_2235",3,0
"2236",2235,"img_2236",3,1
"2237",2236,"img_2237",3,0
"2238",2237,"img_2238",3,1
"2239",2238,"img_2239",3,1
"2240",2239,"img_2240",3,0
"2241",2240,"img_2241",3,1
"2242",2241,"img_2242",3,1
"2243",2242,"img_2243",3,0
"2244",2243,"img_2244",3,0
"2245",2244,"img_2245",3,1
"2246",2245,"img_2246",3,1
"2247",2246,"img_2247",3,0
"2248",2247,"img_2248",3,0
"2249",2248,"img_2249",3,0
"2250",2249,"img_2250",3,1
"2251",2250,"img_2251",3,1
"2252",2251,"img_2252",3,0
"2253",2252,"img_2253",3,1
"2254",2253,"img_2254",3,0
"2255",2254,"img_2255",3,1
"2256",2255,"img_2256",3,1
"2257",2256,"img_2257",3,0
"2258",2257,"img_2258",3,1
"2259",2258,"img_2259",3,1
"2260",2259,"img_2260",3,1
"2261",2260,"img_2261",3,1
"2262",2261,"img_2262",3,0
"2263",2262,"img_2263",3,1
"2264",2263,"img_2264",3,1
"2265",2264,"img_2265",3,0
"2266",2265,"img_2266",3,1
"2267",2266,"img_2267",3,0
"2268",2267,"img_2268",3,1
"2269",2268,"img_2269",3,0
"2270",2269,"img_2270",3,1
"2271",2270,"img_2271",3,1
"2272",2271,"img_2272",3,1
"2273",2272,"img_2273",3,1
"2274",2273,"img_2274",3,1
"2275",2274,"img_2275",3,1
"2276",2275,"img_2276",3,1
"2277",2276,"img_2277",3,1
"2278",2277,"img_2278",3,1
"2279",2278,"img_2279",3,1
"2280",2279,"img_2280",3,1
"2281",2280,"img_2281",3,1
"2282",2281,"img_2282",3,0
"2283",2282,"img_2283",3,0
"2284",2283,"img_2284",3,1
"2285",2284,"img_2285",3,1
"2286",2285,"img_2286",3,1
"2287",2286,"img_2287",3,0
"2288",2287,"img_2288",3,0
"2289",2288,"img_2289",3,1
"2290",2289,"img_2290",3,1
"2291",2290,"img_2291",3,1
"2292",2291,"img_2292",3,1
"2293",2292,"img_2293",3,0
"2294",2293,"img_2294",3,0
"2295",2294,"img_2295",3,0
"2296",2295,"img_2296",3,1
"2297",2296,"img_2297",3,0
"2298",2297,"img_2298",3,1
"2299",2298,"img_2299",3,0
"2300",2299,"img_2300",3,0
"2301",2300,"img_2301",3,0
"2302",2301,"img_2302",3,1
"2303",2302,"img_2303",3,1
"2304",2303,"img_2304",3,1
"2305",2304,"img_2305",3,1
"2306",2305,"img_2306",3,0
"2307",2306,"img_2307",3,1
"2308",2307,"img_2308",3,0
"2309",2308,"img_2309",3,0
"2310",2309,"img_2310",3,1
"2311",2310,"img_2311",3,1
"2312",2311,"img_2312",3,1
"2313",2312,"img_2313",3,1
"2314",2313,"img_2314",3,1
"2315",2314,"img_2315",3,1
"2316",2315,"img_2316",3,1
"2317",2316,"img_2317",3,1
"2318",2317,"img_2318",3,0
"2319",2318,"img_2319",3,0
"2320",2319,"img_2320",3,1
"2321",2320,"img_2321",3,0
"2322",2321,"img_2322",3,1
"2323",2322,"img_2323",3,1
"2324",2323,"img_2324",3,1
"2325",2324,"img_2325",3,1
"2326",2325,"img_2326",3,1
"2327",2326,"img_2327",3,1
"2328",2327,"img_2328",3,1
"2329",2328,"img_2329",3,0
"2330",2329,"img_2330",3,0
"2331",2330,"img_2331",3,1
"2332",2331,"img_2332",3,0
"2333",2332,"img_2333",3,0
"2334",2333,"img_2334",3,0
"2335",2334,"img_2335",3,0
"2336",2335,"img_2336",3,0
"2337",2336,"img_2337",3,1
"2338",2337,"img_2338",3,1
"2339",2338,"img_2339",3,0
"2340",2339,"img_2340",3,1
"2341",2340,"img_2341",3,1
"2342",2341,"img_2342",3,0
"2343",2342,"img_2343",3,1
"2344",2343,"img_2344",3,0
"2345",2344,"img_2345",3,1
"2346",2345,"img_2346",3,1
"2347",2346,"img_2347",3,1
"2348",2347,"img_2348",3,0
"2349",2348,"img_2349",3,1
"2350",2349,"img_2350",3,1
"2351",2350,"img_2351",3,1
"2352",2351,"img_2352",3,1
"2353",2352,"img_2353",3,0
"2354",2353,"img_2354",3,1
"2355",2354,"img_2355",3,1
"2356",2355,"img_2356",3,1
"2357",2356,"img_2357",3,1
"2358",2357,"img_2358",3,1
"2359",2358,"img_2359",3,1
"2360",2359,"img_2360",3,0
"2361",2360,"img_2361",3,1
"2362",2361,"img_2362",3,0
"2363",2362,"img_2363",3,1
"2364",2363,"img_2364",3,1
"2365",2364,"img_2365",3,1
"2366",2365,"img_2366",3,0
"2367",2366,"img_2367",3,1
"2368",2367,"img_2368",3,1
"2369",2368,"img_2369",3,1
"2370",2369,"img_2370",3,1
"2371",2370,"img_2371",3,1
"2372",2371,"img_2372",3,1
"2373",2372,"img_2373",3,1
"2374",2373,"img_2374",3,1
"2375",2374,"img_2375",3,1
"2376",2375,"img_2376",3,1
"2377",2376,"img_2377",3,1
"2378",2377,"img_2378",3,1
"2379",2378,"img_2379",3,1
"2380",2379,"img_2380",3,1
"2381",2380,"img_2381",3,1
"2382",2381,"img_2382",3,1
"2383",2382,"img_2383",3,1
"2384",2383,"img_2384",3,1
"2385",2384,"img_2385",3,1
"2386",2385,"img_2386",3,1
"2387",2386,"img_2387",3,1
"2388",2387,"img_2388",3,1
"2389",2388,"img_2389",3,0
"2390",2389,"img_2390",3,1
"2391",2390,"img_2391",3,1
"2392",2391,"img_2392",3,1
"2393",2392,"img_2393",3,0
"2394",2393,"img_2394",3,1
"2395",2394,"img_2395",3,1
"2396",2395,"img_2396",3,0
"2397",2396,"img_2397",3,0
"2398",2397,"img_2398",3,1
"2399",2398,"img_2399",3,1
"2400",2399,"img_2400",3,1
"2401",2400,"img_2401",3,0
"2402",2401,"img_2402",3,0
"2403",2402,"img_2403",3,1
"2404",2403,"img_2404",3,1
"2405",2404,"img_2405",3,1
"2406",2405,"img_2406",3,1
"2407",2406,"img_2407",3,0
"2408",2407,"img_2408",3,1
"2409",2408,"img_2409",3,1
"2410",2409,"img_2410",3,0
"2411",2410,"img_2411",3,1
"2412",2411,"img_2412",3,1
"2413",2412,"img_2413",3,1
"2414",2413,"img_2414",3,1
"2415",2414,"img_2415",3,1
"2416",2415,"img_2416",3,0
"2417",2416,"img_2417",3,1
"2418",2417,"img_2418",3,1
"2419",2418,"img_2419",3,1
"2420",2419,"img_2420",3,1
"2421",2420,"img_2421",3,1
"2422",2421,"img_2422",3,1
"2423",2422,"img_2423",3,0
"2424",2423,"img_2424",3,1
"2425",2424,"img_2425",3,1
"2426",2425,"img_2426",3,0
"2427",2426,"img_2427",3,1
"2428",2427,"img_2428",3,1
"2429",2428,"img_2429",3,1
"2430",2429,"img_2430",3,0
"2431",2430,"img_2431",3,1
"2432",2431,"img_2432",3,1
"2433",2432,"img_2433",3,1
"2434",2433,"img_2434",3,0
"2435",2434,"img_2435",3,1
"2436",2435,"img_2436",3,1
"2437",2436,"img_2437",3,0
"2438",2437,"img_2438",3,1
"2439",2438,"img_2439",3,1
"2440",2439,"img_2440",3,1
"2441",2440,"img_2441",3,1
"2442",2441,"img_2442",3,0
"2443",2442,"img_2443",3,1
"2444",2443,"img_2444",3,1
"2445",2444,"img_2445",3,1
"2446",2445,"img_2446",3,0
"2447",2446,"img_2447",3,1
"2448",2447,"img_2448",3,1
"2449",2448,"img_2449",3,1
"2450",2449,"img_2450",3,1
"2451",2450,"img_2451",3,1
"2452",2451,"img_2452",3,0
"2453",2452,"img_2453",3,0
"2454",2453,"img_2454",3,1
"2455",2454,"img_2455",3,0
"2456",2455,"img_2456",3,0
"2457",2456,"img_2457",3,0
"2458",2457,"img_2458",3,0
"2459",2458,"img_2459",3,0
"2460",2459,"img_2460",3,1
"2461",2460,"img_2461",3,1
"2462",2461,"img_2462",3,1
"2463",2462,"img_2463",3,1
"2464",2463,"img_2464",3,1
"2465",2464,"img_2465",3,0
"2466",2465,"img_2466",3,1
"2467",2466,"img_2467",3,0
"2468",2467,"img_2468",3,1
"2469",2468,"img_2469",3,1
"2470",2469,"img_2470",3,1
"2471",2470,"img_2471",3,1
"2472",2471,"img_2472",3,1
"2473",2472,"img_2473",3,0
"2474",2473,"img_2474",3,0
"2475",2474,"img_2475",3,1
"2476",2475,"img_2476",3,0
"2477",2476,"img_2477",3,1
"2478",2477,"img_2478",3,1
"2479",2478,"img_2479",3,1
"2480",2479,"img_2480",3,0
"2481",2480,"img_2481",3,1
"2482",2481,"img_2482",3,1
"2483",2482,"img_2483",3,0
"2484",2483,"img_2484",3,1
"2485",2484,"img_2485",3,1
"2486",2485,"img_2486",3,1
"2487",2486,"img_2487",3,1
"2488",2487,"img_2488",3,1
"2489",2488,"img_2489",3,0
"2490",2489,"img_2490",3,0
"2491",2490,"img_2491",3,1
"2492",2491,"img_2492",3,1
"2493",2492,"img_2493",3,1
"2494",2493,"img_2494",3,1
"2495",2494,"img_2495",3,0
"2496",2495,"img_2496",3,1
"2497",2496,"img_2497",3,1
"2498",2497,"img_2498",3,0
"2499",2498,"img_2499",3,1
"2500",2499,"img_2500",3,0
"2501",2500,"img_2501",3,1
"2502",2501,"img_2502",3,1
"2503",2502,"img_2503",3,1
"2504",2503,"img_2504",3,1
"2505",2504,"img_2505",3,1
"2506",2505,"img_2506",3,0
"2507",2506,"img_2507",3,1
"2508",2507,"img_2508",3,0
"2509",2508,"img_2509",3,0
"2510",2509,"img_2510",3,1
"2511",2510,"img_2511",3,1
"2512",2511,"img_2512",3,1
"2513",2512,"img_2513",3,1
"2514",2513,"img_2514",3,0
"2515",2514,"img_2515",3,0
"2516",2515,"img_2516",3,1
"2517",2516,"img_2517",3,0
"2518",2517,"img_2518",3,1
"2519",2518,"img_2519",3,1
"2520",2519,"img_2520",3,0
"2521",2520,"img_2521",3,1
"2522",2521,"img_2522",3,1
"2523",2522,"img_2523",3,1
"2524",2523,"img_2524",3,1
"2525",2524,"img_2525",3,1
"2526",2525,"img_2526",3,1
"2527",2526,"img_2527",3,1
"2528",2527,"img_2528",3,1
"2529",2528,"img_2529",3,1
"2530",2529,"img_2530",3,1
"2531",2530,"img_2531",3,1
"2532",2531,"img_2532",3,1
"2533",2532,"img_2533",3,1
"2534",2533,"img_2534",3,0
"2535",2534,"img_2535",3,1
"2536",2535,"img_2536",3,1
"2537",2536,"img_2537",3,1
"2538",2537,"img_2538",3,1
"2539",2538,"img_2539",3,1
"2540",2539,"img_2540",3,1
"2541",2540,"img_2541",3,0
"2542",2541,"img_2542",3,1
"2543",2542,"img_2543",3,1
"2544",2543,"img_2544",3,0
"2545",2544,"img_2545",3,1
"2546",2545,"img_2546",3,1
"2547",2546,"img_2547",3,1
"2548",2547,"img_2548",3,0
"2549",2548,"img_2549",3,0
"2550",2549,"img_2550",3,1
"2551",2550,"img_2551",3,1
"2552",2551,"img_2552",3,1
"2553",2552,"img_2553",3,1
"2554",2553,"img_2554",3,1
"2555",2554,"img_2555",3,1
"2556",2555,"img_2556",3,1
"2557",2556,"img_2557",3,0
"2558",2557,"img_2558",3,0
"2559",2558,"img_2559",3,0
"2560",2559,"img_2560",3,0
"2561",2560,"img_2561",3,1
"2562",2561,"img_2562",3,1
"2563",2562,"img_2563",3,0
"2564",2563,"img_2564",3,1
"2565",2564,"img_2565",3,1
"2566",2565,"img_2566",3,1
"2567",2566,"img_2567",3,1
"2568",2567,"img_2568",3,1
"2569",2568,"img_2569",3,1
"2570",2569,"img_2570",3,1
"2571",2570,"img_2571",3,1
"2572",2571,"img_2572",3,0
"2573",2572,"img_2573",3,0
"2574",2573,"img_2574",3,1
"2575",2574,"img_2575",3,0
"2576",2575,"img_2576",3,1
"2577",2576,"img_2577",3,0
"2578",2577,"img_2578",3,0
"2579",2578,"img_2579",3,0
"2580",2579,"img_2580",3,1
"2581",2580,"img_2581",3,1
"2582",2581,"img_2582",3,1
"2583",2582,"img_2583",3,1
"2584",2583,"img_2584",3,1
"2585",2584,"img_2585",3,1
"2586",2585,"img_2586",3,1
"2587",2586,"img_2587",3,1
"2588",2587,"img_2588",3,0
"2589",2588,"img_2589",3,0
"2590",2589,"img_2590",3,0
"2591",2590,"img_2591",3,1
"2592",2591,"img_2592",3,1
"2593",2592,"img_2593",3,0
"2594",2593,"img_2594",3,1
"2595",2594,"img_2595",3,0
"2596",2595,"img_2596",3,0
"2597",2596,"img_2597",3,1
"2598",2597,"img_2598",3,1
"2599",2598,"img_2599",3,1
"2600",2599,"img_2600",3,1
"2601",2600,"img_2601",3,1
"2602",2601,"img_2602",3,1
"2603",2602,"img_2603",3,1
"2604",2603,"img_2604",3,1
"2605",2604,"img_2605",3,0
"2606",2605,"img_2606",3,0
"2607",2606,"img_2607",3,1
"2608",2607,"img_2608",3,0
"2609",2608,"img_2609",3,1
"2610",2609,"img_2610",3,0
"2611",2610,"img_2611",3,1
"2612",2611,"img_2612",3,0
"2613",2612,"img_2613",3,1
"2614",2613,"img_2614",3,0
"2615",2614,"img_2615",3,1
"2616",2615,"img_2616",3,0
"2617",2616,"img_2617",3,0
"2618",2617,"img_2618",3,1
"2619",2618,"img_2619",3,1
"2620",2619,"img_2620",3,1
"2621",2620,"img_2621",3,1
"2622",2621,"img_2622",3,1
"2623",2622,"img_2623",3,1
"2624",2623,"img_2624",3,1
"2625",2624,"img_2625",3,1
"2626",2625,"img_2626",3,0
"2627",2626,"img_2627",3,1
"2628",2627,"img_2628",3,1
"2629",2628,"img_2629",3,1
"2630",2629,"img_2630",3,1
"2631",2630,"img_2631",3,1
"2632",2631,"img_2632",3,1
"2633",2632,"img_2633",3,1
"2634",2633,"img_2634",3,1
"2635",2634,"img_2635",3,1
"2636",2635,"img_2636",3,1
"2637",2636,"img_2637",3,1
"2638",2637,"img_2638",3,0
"2639",2638,"img_2639",3,1
"2640",2639,"img_2640",3,1
"2641",2640,"img_2641",3,0
"2642",2641,"img_2642",3,1
"2643",2642,"img_2643",3,0
"2644",2643,"img_2644",3,1
"2645",2644,"img_2645",3,1
"2646",2645,"img_2646",3,1
"2647",2646,"img_2647",3,1
"2648",2647,"img_2648",3,0
"2649",2648,"img_2649",3,1
"2650",2649,"img_2650",3,0
"2651",2650,"img_2651",3,1
"2652",2651,"img_2652",3,1
"2653",2652,"img_2653",3,1
"2654",2653,"img_2654",3,0
"2655",2654,"img_2655",3,1
"2656",2655,"img_2656",3,1
"2657",2656,"img_2657",3,0
"2658",2657,"img_2658",3,1
"2659",2658,"img_2659",3,0
"2660",2659,"img_2660",3,1
"2661",2660,"img_2661",3,1
"2662",2661,"img_2662",3,1
"2663",2662,"img_2663",3,1
"2664",2663,"img_2664",3,1
"2665",2664,"img_2665",3,1
"2666",2665,"img_2666",3,0
"2667",2666,"img_2667",3,0
"2668",2667,"img_2668",3,0
"2669",2668,"img_2669",3,1
"2670",2669,"img_2670",3,1
"2671",2670,"img_2671",3,0
"2672",2671,"img_2672",3,1
"2673",2672,"img_2673",3,1
"2674",2673,"img_2674",3,1
"2675",2674,"img_2675",3,1
"2676",2675,"img_2676",3,1
"2677",2676,"img_2677",3,1
"2678",2677,"img_2678",3,1
"2679",2678,"img_2679",3,1
"2680",2679,"img_2680",3,1
"2681",2680,"img_2681",3,1
"2682",2681,"img_2682",3,1
"2683",2682,"img_2683",3,0
"2684",2683,"img_2684",3,0
"2685",2684,"img_2685",3,0
"2686",2685,"img_2686",3,0
"2687",2686,"img_2687",3,1
"2688",2687,"img_2688",3,1
"2689",2688,"img_2689",3,1
"2690",2689,"img_2690",3,0
"2691",2690,"img_2691",3,0
"2692",2691,"img_2692",3,1
"2693",2692,"img_2693",3,0
"2694",2693,"img_2694",3,0
"2695",2694,"img_2695",3,0
"2696",2695,"img_2696",3,1
"2697",2696,"img_2697",3,0
"2698",2697,"img_2698",3,1
"2699",2698,"img_2699",3,1
"2700",2699,"img_2700",3,1
"2701",2700,"img_2701",3,1
"2702",2701,"img_2702",3,1
"2703",2702,"img_2703",3,0
"2704",2703,"img_2704",3,1
"2705",2704,"img_2705",3,1
"2706",2705,"img_2706",3,1
"2707",2706,"img_2707",3,1
"2708",2707,"img_2708",3,1
"2709",2708,"img_2709",3,1
"2710",2709,"img_2710",3,0
"2711",2710,"img_2711",3,1
"2712",2711,"img_2712",3,1
"2713",2712,"img_2713",3,1
"2714",2713,"img_2714",3,1
"2715",2714,"img_2715",3,0
"2716",2715,"img_2716",3,1
"2717",2716,"img_2717",3,0
"2718",2717,"img_2718",3,1
"2719",2718,"img_2719",3,0
"2720",2719,"img_2720",3,0
"2721",2720,"img_2721",3,1
"2722",2721,"img_2722",3,0
"2723",2722,"img_2723",3,1
"2724",2723,"img_2724",3,1
"2725",2724,"img_2725",3,1
"2726",2725,"img_2726",3,1
"2727",2726,"img_2727",3,1
"2728",2727,"img_2728",3,1
"2729",2728,"img_2729",3,1
"2730",2729,"img_2730",3,1
"2731",2730,"img_2731",3,1
"2732",2731,"img_2732",3,0
"2733",2732,"img_2733",3,1
"2734",2733,"img_2734",3,0
"2735",2734,"img_2735",3,0
"2736",2735,"img_2736",3,0
"2737",2736,"img_2737",3,1
"2738",2737,"img_2738",3,1
"2739",2738,"img_2739",3,1
"2740",2739,"img_2740",3,0
"2741",2740,"img_2741",3,1
"2742",2741,"img_2742",3,1
"2743",2742,"img_2743",3,1
"2744",2743,"img_2744",3,1
"2745",2744,"img_2745",3,1
"2746",2745,"img_2746",3,1
"2747",2746,"img_2747",3,1
"2748",2747,"img_2748",3,1
"2749",2748,"img_2749",3,1
"2750",2749,"img_2750",3,1
"2751",2750,"img_2751",3,0
"2752",2751,"img_2752",3,0
"2753",2752,"img_2753",3,1
"2754",2753,"img_2754",3,1
"2755",2754,"img_2755",3,0
"2756",2755,"img_2756",3,1
"2757",2756,"img_2757",3,1
"2758",2757,"img_2758",3,1
"2759",2758,"img_2759",3,0
"2760",2759,"img_2760",3,1
"2761",2760,"img_2761",3,1
"2762",2761,"img_2762",3,1
"2763",2762,"img_2763",3,1
"2764",2763,"img_2764",3,0
"2765",2764,"img_2765",3,1
"2766",2765,"img_2766",3,1
"2767",2766,"img_2767",3,1
"2768",2767,"img_2768",3,1
"2769",2768,"img_2769",3,1
"2770",2769,"img_2770",3,1
"2771",2770,"img_2771",3,1
"2772",2771,"img_2772",3,1
"2773",2772,"img_2773",3,0
"2774",2773,"img_2774",3,1
"2775",2774,"img_2775",3,1
"2776",2775,"img_2776",3,1
"2777",2776,"img_2777",3,1
"2778",2777,"img_2778",3,0
"2779",2778,"img_2779",3,0
"2780",2779,"img_2780",3,1
"2781",2780,"img_2781",3,0
"2782",2781,"img_2782",3,1
"2783",2782,"img_2783",3,1
"2784",2783,"img_2784",3,1
"2785",2784,"img_2785",3,1
"2786",2785,"img_2786",3,1
"2787",2786,"img_2787",3,1
"2788",2787,"img_2788",3,0
"2789",2788,"img_2789",3,0
"2790",2789,"img_2790",3,1
"2791",2790,"img_2791",3,1
"2792",2791,"img_2792",3,1
"2793",2792,"img_2793",3,1
"2794",2793,"img_2794",3,1
"2795",2794,"img_2795",3,1
"2796",2795,"img_2796",3,1
"2797",2796,"img_2797",3,1
"2798",2797,"img_2798",3,0
"2799",2798,"img_2799",3,1
"2800",2799,"img_2800",3,0
"2801",2800,"img_2801",3,0
"2802",2801,"img_2802",3,0
"2803",2802,"img_2803",3,0
"2804",2803,"img_2804",3,0
"2805",2804,"img_2805",3,1
"2806",2805,"img_2806",3,1
"2807",2806,"img_2807",3,1
"2808",2807,"img_2808",3,0
"2809",2808,"img_2809",3,1
"2810",2809,"img_2810",3,1
"2811",2810,"img_2811",3,1
"2812",2811,"img_2812",3,0
"2813",2812,"img_2813",3,1
"2814",2813,"img_2814",3,1
"2815",2814,"img_2815",3,1
"2816",2815,"img_2816",3,1
"2817",2816,"img_2817",3,1
"2818",2817,"img_2818",3,1
"2819",2818,"img_2819",3,1
"2820",2819,"img_2820",3,1
"2821",2820,"img_2821",3,1
"2822",2821,"img_2822",3,0
"2823",2822,"img_2823",3,1
"2824",2823,"img_2824",3,0
"2825",2824,"img_2825",3,0
"2826",2825,"img_2826",3,1
"2827",2826,"img_2827",3,0
"2828",2827,"img_2828",3,1
"2829",2828,"img_2829",3,1
"2830",2829,"img_2830",3,1
"2831",2830,"img_2831",3,1
"2832",2831,"img_2832",3,0
"2833",2832,"img_2833",3,1
"2834",2833,"img_2834",3,1
"2835",2834,"img_2835",3,1
"2836",2835,"img_2836",3,1
"2837",2836,"img_2837",3,1
"2838",2837,"img_2838",3,1
"2839",2838,"img_2839",3,1
"2840",2839,"img_2840",3,1
"2841",2840,"img_2841",3,0
"2842",2841,"img_2842",3,0
"2843",2842,"img_2843",3,0
"2844",2843,"img_2844",3,0
"2845",2844,"img_2845",3,1
"2846",2845,"img_2846",3,1
"2847",2846,"img_2847",3,0
"2848",2847,"img_2848",3,1
"2849",2848,"img_2849",3,0
"2850",2849,"img_2850",3,1
"2851",2850,"img_2851",3,1
"2852",2851,"img_2852",3,0
"2853",2852,"img_2853",3,1
"2854",2853,"img_2854",3,1
"2855",2854,"img_2855",3,1
"2856",2855,"img_2856",3,1
"2857",2856,"img_2857",3,1
"2858",2857,"img_2858",3,1
"2859",2858,"img_2859",3,1
"2860",2859,"img_2860",3,1
"2861",2860,"img_2861",3,0
"2862",2861,"img_2862",3,1
"2863",2862,"img_2863",3,0
"2864",2863,"img_2864",3,0
"2865",2864,"img_2865",3,1
"2866",2865,"img_2866",3,0
"2867",2866,"img_2867",3,0
"2868",2867,"img_2868",3,1
"2869",2868,"img_2869",3,1
"2870",2869,"img_2870",3,1
"2871",2870,"img_2871",3,1
"2872",2871,"img_2872",3,1
"2873",2872,"img_2873",3,1
"2874",2873,"img_2874",3,1
"2875",2874,"img_2875",3,0
"2876",2875,"img_2876",3,1
"2877",2876,"img_2877",3,0
"2878",2877,"img_2878",3,1
"2879",2878,"img_2879",3,1
"2880",2879,"img_2880",3,1
"2881",2880,"img_2881",3,1
"2882",2881,"img_2882",3,1
"2883",2882,"img_2883",3,0
"2884",2883,"img_2884",3,1
"2885",2884,"img_2885",3,1
"2886",2885,"img_2886",3,1
"2887",2886,"img_2887",3,1
"2888",2887,"img_2888",3,1
"2889",2888,"img_2889",3,0
"2890",2889,"img_2890",3,1
"2891",2890,"img_2891",3,1
"2892",2891,"img_2892",3,1
"2893",2892,"img_2893",3,1
"2894",2893,"img_2894",3,1
"2895",2894,"img_2895",3,1
"2896",2895,"img_2896",3,1
"2897",2896,"img_2897",3,1
"2898",2897,"img_2898",3,0
"2899",2898,"img_2899",3,1
"2900",2899,"img_2900",3,1
"2901",2900,"img_2901",3,1
"2902",2901,"img_2902",3,1
"2903",2902,"img_2903",3,1
"2904",2903,"img_2904",3,0
"2905",2904,"img_2905",3,1
"2906",2905,"img_2906",3,0
"2907",2906,"img_2907",3,0
"2908",2907,"img_2908",3,1
"2909",2908,"img_2909",3,1
"2910",2909,"img_2910",3,1
"2911",2910,"img_2911",3,1
"2912",2911,"img_2912",3,1
"2913",2912,"img_2913",3,1
"2914",2913,"img_2914",3,1
"2915",2914,"img_2915",3,0
"2916",2915,"img_2916",3,1
"2917",2916,"img_2917",3,1
"2918",2917,"img_2918",3,0
"2919",2918,"img_2919",3,1
"2920",2919,"img_2920",3,1
"2921",2920,"img_2921",3,1
"2922",2921,"img_2922",3,1
"2923",2922,"img_2923",3,0
"2924",2923,"img_2924",3,1
"2925",2924,"img_2925",3,1
"2926",2925,"img_2926",3,1
"2927",2926,"img_2927",3,1
"2928",2927,"img_2928",3,1
"2929",2928,"img_2929",3,1
"2930",2929,"img_2930",3,0
"2931",2930,"img_2931",3,0
"2932",2931,"img_2932",3,0
"2933",2932,"img_2933",3,1
"2934",2933,"img_2934",3,1
"2935",2934,"img_2935",3,1
"2936",2935,"img_2936",3,0
"2937",2936,"img_2937",3,1
"2938",2937,"img_2938",3,1
"2939",2938,"img_2939",3,1
"2940",2939,"img_2940",3,1
"2941",2940,"img_2941",3,0
"2942",2941,"img_2942",3,0
"2943",2942,"img_2943",3,1
"2944",2943,"img_2944",3,1
"2945",2944,"img_2945",3,1
"2946",2945,"img_2946",3,1
"2947",2946,"img_2947",3,1
"2948",2947,"img_2948",3,0
"2949",2948,"img_2949",3,0
"2950",2949,"img_2950",3,0
"2951",2950,"img_2951",3,1
"2952",2951,"img_2952",3,0
"2953",2952,"img_2953",3,1
"2954",2953,"img_2954",3,1
"2955",2954,"img_2955",3,0
"2956",2955,"img_2956",3,1
"2957",2956,"img_2957",3,1
"2958",2957,"img_2958",3,0
"2959",2958,"img_2959",3,1
"2960",2959,"img_2960",3,0
"2961",2960,"img_2961",3,0
"2962",2961,"img_2962",3,1
"2963",2962,"img_2963",3,1
"2964",2963,"img_2964",3,1
"2965",2964,"img_2965",3,0
"2966",2965,"img_2966",3,1
"2967",2966,"img_2967",3,1
"2968",2967,"img_2968",3,1
"2969",2968,"img_2969",3,1
"2970",2969,"img_2970",3,1
"2971",2970,"img_2971",3,1
"2972",2971,"img_2972",3,1
"2973",2972,"img_2973",3,1
"2974",2973,"img_2974",3,1
"2975",2974,"img_2975",3,0
"2976",2975,"img_2976",3,1
"2977",2976,"img_2977",3,1
"2978",2977,"img_2978",3,0
"2979",2978,"img_2979",3,1
"2980",2979,"img_2980",3,0
"2981",2980,"img_2981",3,1
"2982",2981,"img_2982",3,1
"2983",2982,"img_2983",3,1
"2984",2983,"img_2984",3,1
"2985",2984,"img_2985",3,1
"2986",2985,"img_2986",3,0
"2987",2986,"img_2987",3,1
"2988",2987,"img_2988",3,1
"2989",2988,"img_2989",3,1
"2990",2989,"img_2990",3,0
"2991",2990,"img_2991",3,1
"2992",2991,"img_2992",3,1
"2993",2992,"img_2993",3,1
"2994",2993,"img_2994",3,0
"2995",2994,"img_2995",3,1
"2996",2995,"img_2996",3,1
"2997",2996,"img_2997",3,0
"2998",2997,"img_2998",3,1
"2999",2998,"img_2999",3,1
"3000",2999,"img_3000",3,0
